ORDER_DATE,CATEGORY,주문건수,최고기온,최저기온,강수량,날씨구분
2025-08-27,분식,18,30.4,22.2,0.0,맑음
2025-08-27,일식,16,30.4,22.2,0.0,맑음
2025-08-27,중식,8,30.4,22.2,0.0,맑음
2025-08-27,치킨,14,30.4,22.2,0.0,맑음
2025-08-27,피자,2,30.4,22.2,0.0,맑음
2025-08-28,분식,24,30.1,23.9,1.4,비
2025-08-28,일식,2,30.1,23.9,1.4,비
2025-08-28,중식,12,30.1,23.9,1.4,비
2025-08-28,치킨,14,30.1,23.9,1.4,비
2025-08-28,피자,6,30.1,23.9,1.4,비
2025-08-29,분식,32,30.6,23.8,31.5,비
2025-08-29,일식,4,30.6,23.8,31.5,비
2025-08-29,중식,12,30.6,23.8,31.5,비
2025-08-29,치킨,36,30.6,23.8,31.5,비
2025-08-29,피자,18,30.6,23.8,31.5,비
2025-08-30,분식,34,31.0,23.6,7.7,비
2025-08-30,일식,10,31.0,23.6,7.7,비
2025-08-30,중식,4,31.0,23.6,7.7,비
2025-08-30,치킨,28,31.0,23.6,7.7,비
2025-08-30,피자,36,31.0,23.6,7.7,비
2025-08-31,분식,32,29.8,24.1,7.1,비
2025-08-31,일식,8,29.8,24.1,7.1,비
2025-08-31,중식,18,29.8,24.1,7.1,비
2025-08-31,치킨,30,29.8,24.1,7.1,비
2025-08-31,피자,20,29.8,24.1,7.1,비
2025-09-01,분식,16,28.0,23.1,23.4,비
2025-09-01,일식,6,28.0,23.1,23.4,비
2025-09-01,중식,22,28.0,23.1,23.4,비
2025-09-01,치킨,20,28.0,23.1,23.4,비
2025-09-01,피자,22,28.0,23.1,23.4,비
2025-09-02,분식,20,28.5,19.8,0.0,맑음
2025-09-02,일식,2,28.5,19.8,0.0,맑음
2025-09-02,중식,8,28.5,19.8,0.0,맑음
2025-09-02,치킨,10,28.5,19.8,0.0,맑음
2025-09-02,피자,10,28.5,19.8,0.0,맑음
2025-09-03,분식,16,30.3,21.2,0.2,비
2025-09-03,일식,4,30.3,21.2,0.2,비
2025-09-03,중식,8,30.3,21.2,0.2,비
2025-09-03,치킨,22,30.3,21.2,0.2,비
2025-09-03,피자,10,30.3,21.2,0.2,비
2025-09-04,분식,26,28.6,22.6,26.0,비
2025-09-04,일식,14,28.6,22.6,26.0,비
2025-09-04,중식,30,28.6,22.6,26.0,비
2025-09-04,치킨,14,28.6,22.6,26.0,비
2025-09-04,피자,16,28.6,22.6,26.0,비
2025-09-05,분식,24,31.1,22.0,0.4,비
2025-09-05,일식,12,31.1,22.0,0.4,비
2025-09-05,중식,8,31.1,22.0,0.4,비
2025-09-05,치킨,18,31.1,22.0,0.4,비
2025-09-05,피자,14,31.1,22.0,0.4,비
2025-09-06,분식,46,29.9,23.8,36.2,비
2025-09-06,일식,6,29.9,23.8,36.2,비
2025-09-06,중식,26,29.9,23.8,36.2,비
2025-09-06,치킨,30,29.9,23.8,36.2,비
2025-09-06,피자,32,29.9,23.8,36.2,비
2025-09-07,분식,40,27.3,21.9,0.7,비
2025-09-07,일식,4,27.3,21.9,0.7,비
2025-09-07,중식,12,27.3,21.9,0.7,비
2025-09-07,치킨,24,27.3,21.9,0.7,비
2025-09-07,피자,6,27.3,21.9,0.7,비
2025-09-08,분식,16,26.6,20.5,0.2,비
2025-09-08,일식,8,26.6,20.5,0.2,비
2025-09-08,중식,12,26.6,20.5,0.2,비
2025-09-08,치킨,22,26.6,20.5,0.2,비
2025-09-08,피자,4,26.6,20.5,0.2,비
2025-09-09,분식,22,26.1,20.9,0.5,비
2025-09-09,일식,8,26.1,20.9,0.5,비
2025-09-09,중식,10,26.1,20.9,0.5,비
2025-09-09,치킨,24,26.1,20.9,0.5,비
2025-09-09,피자,10,26.1,20.9,0.5,비
2025-09-10,분식,18,29.3,18.3,0.0,맑음
2025-09-10,일식,16,29.3,18.3,0.0,맑음
2025-09-10,중식,14,29.3,18.3,0.0,맑음
2025-09-10,치킨,10,29.3,18.3,0.0,맑음
2025-09-10,피자,6,29.3,18.3,0.0,맑음
2025-09-11,분식,18,29.6,19.0,0.0,맑음
2025-09-11,일식,10,29.6,19.0,0.0,맑음
2025-09-11,중식,2,29.6,19.0,0.0,맑음
2025-09-11,치킨,14,29.6,19.0,0.0,맑음
2025-09-11,피자,12,29.6,19.0,0.0,맑음
2025-09-12,분식,14,26.1,20.1,6.2,비
2025-09-12,일식,6,26.1,20.1,6.2,비
2025-09-12,중식,6,26.1,20.1,6.2,비
2025-09-12,치킨,16,26.1,20.1,6.2,비
2025-09-12,피자,6,26.1,20.1,6.2,비
2025-09-13,분식,30,26.3,20.1,58.2,비
2025-09-13,일식,6,26.3,20.1,58.2,비
2025-09-13,중식,24,26.3,20.1,58.2,비
2025-09-13,치킨,50,26.3,20.1,58.2,비
2025-09-13,피자,18,26.3,20.1,58.2,비
2025-09-14,분식,18,27.6,20.2,0.1,비
2025-09-14,일식,2,27.6,20.2,0.1,비
2025-09-14,중식,10,27.6,20.2,0.1,비
2025-09-14,치킨,22,27.6,20.2,0.1,비
2025-09-14,피자,16,27.6,20.2,0.1,비
2025-09-15,분식,10,28.6,19.7,0.0,맑음
2025-09-15,일식,4,28.6,19.7,0.0,맑음
2025-09-15,중식,12,28.6,19.7,0.0,맑음
2025-09-15,치킨,12,28.6,19.7,0.0,맑음
2025-09-15,피자,8,28.6,19.7,0.0,맑음
2025-09-16,분식,22,27.1,20.9,13.3,비
2025-09-16,일식,12,27.1,20.9,13.3,비
2025-09-16,중식,28,27.1,20.9,13.3,비
2025-09-16,치킨,30,27.1,20.9,13.3,비
2025-09-16,피자,16,27.1,20.9,13.3,비
2025-09-17,분식,36,24.2,20.3,27.8,비
2025-09-17,일식,6,24.2,20.3,27.8,비
2025-09-17,중식,18,24.2,20.3,27.8,비
2025-09-17,치킨,38,24.2,20.3,27.8,비
2025-09-17,피자,12,24.2,20.3,27.8,비
2025-09-18,분식,8,24.9,18.2,0.0,맑음
2025-09-18,일식,6,24.9,18.2,0.0,맑음
2025-09-18,중식,12,24.9,18.2,0.0,맑음
2025-09-18,치킨,14,24.9,18.2,0.0,맑음
2025-09-18,피자,10,24.9,18.2,0.0,맑음
2025-09-19,분식,12,20.4,17.6,12.9,비
2025-09-19,일식,2,20.4,17.6,12.9,비
2025-09-19,중식,16,20.4,17.6,12.9,비
2025-09-19,치킨,22,20.4,17.6,12.9,비
2025-09-19,피자,18,20.4,17.6,12.9,비
2025-09-20,분식,44,22.6,16.8,29.7,비
2025-09-20,일식,8,22.6,16.8,29.7,비
2025-09-20,중식,16,22.6,16.8,29.7,비
2025-09-20,치킨,24,22.6,16.8,29.7,비
2025-09-20,피자,26,22.6,16.8,29.7,비
2025-09-21,분식,22,25.6,15.6,0.0,맑음
2025-09-21,일식,6,25.6,15.6,0.0,맑음
2025-09-21,중식,12,25.6,15.6,0.0,맑음
2025-09-21,치킨,14,25.6,15.6,0.0,맑음
2025-09-21,피자,10,25.6,15.6,0.0,맑음
2025-09-22,분식,12,23.8,16.4,0.0,맑음
2025-09-22,일식,6,23.8,16.4,0.0,맑음
2025-09-22,중식,8,23.8,16.4,0.0,맑음
2025-09-22,치킨,12,23.8,16.4,0.0,맑음
2025-09-22,피자,10,23.8,16.4,0.0,맑음
2025-09-23,분식,12,24.9,17.3,0.0,맑음
2025-09-23,일식,4,24.9,17.3,0.0,맑음
2025-09-23,중식,10,24.9,17.3,0.0,맑음
2025-09-23,치킨,8,24.9,17.3,0.0,맑음
2025-09-23,피자,12,24.9,17.3,0.0,맑음
2025-09-24,분식,28,24.2,18.5,38.3,비
2025-09-24,일식,6,24.2,18.5,38.3,비
2025-09-24,중식,18,24.2,18.5,38.3,비
2025-09-24,치킨,24,24.2,18.5,38.3,비
2025-09-24,피자,10,24.2,18.5,38.3,비
2025-09-25,분식,24,25.4,18.6,0.1,비
2025-09-25,일식,4,25.4,18.6,0.1,비
2025-09-25,중식,4,25.4,18.6,0.1,비
2025-09-25,치킨,18,25.4,18.6,0.1,비
2025-09-25,피자,10,25.4,18.6,0.1,비
2025-09-26,분식,8,25.0,16.9,0.0,맑음
2025-09-26,일식,10,25.0,16.9,0.0,맑음
2025-09-26,중식,8,25.0,16.9,0.0,맑음
2025-09-26,치킨,8,25.0,16.9,0.0,맑음
2025-09-26,피자,4,25.0,16.9,0.0,맑음
2025-09-27,분식,12,26.7,16.7,0.0,맑음
2025-09-27,일식,12,26.7,16.7,0.0,맑음
2025-09-27,중식,8,26.7,16.7,0.0,맑음
2025-09-27,치킨,12,26.7,16.7,0.0,맑음
2025-09-27,피자,4,26.7,16.7,0.0,맑음
2025-09-28,분식,28,22.7,18.2,23.5,비
2025-09-28,일식,10,22.7,18.2,23.5,비
2025-09-28,중식,12,22.7,18.2,23.5,비
2025-09-28,치킨,38,22.7,18.2,23.5,비
2025-09-28,피자,18,22.7,18.2,23.5,비
2025-09-29,분식,8,23.2,16.1,0.0,맑음
2025-09-29,일식,2,23.2,16.1,0.0,맑음
2025-09-29,중식,8,23.2,16.1,0.0,맑음
2025-09-29,치킨,12,23.2,16.1,0.0,맑음
2025-09-29,피자,2,23.2,16.1,0.0,맑음
2025-09-30,분식,26,22.2,16.2,0.4,비
2025-09-30,일식,4,22.2,16.2,0.4,비
2025-09-30,중식,2,22.2,16.2,0.4,비
2025-09-30,치킨,18,22.2,16.2,0.4,비
2025-09-30,피자,8,22.2,16.2,0.4,비
2025-10-01,분식,12,23.5,14.9,0.4,비
2025-10-01,일식,4,23.5,14.9,0.4,비
2025-10-01,중식,10,23.5,14.9,0.4,비
2025-10-01,치킨,14,23.5,14.9,0.4,비
2025-10-01,피자,14,23.5,14.9,0.4,비
2025-10-02,분식,18,25.0,16.5,0.0,맑음
2025-10-02,일식,4,25.0,16.5,0.0,맑음
2025-10-02,중식,4,25.0,16.5,0.0,맑음
2025-10-02,치킨,6,25.0,16.5,0.0,맑음
2025-10-02,피자,4,25.0,16.5,0.0,맑음
2025-10-03,분식,14,23.7,18.1,1.3,비
2025-10-03,중식,6,23.7,18.1,1.3,비
2025-10-03,치킨,18,23.7,18.1,1.3,비
2025-10-03,피자,14,23.7,18.1,1.3,비
2025-10-04,분식,20,23.3,19.3,0.0,맑음
2025-10-04,일식,14,23.3,19.3,0.0,맑음
2025-10-04,중식,4,23.3,19.3,0.0,맑음
2025-10-04,치킨,14,23.3,19.3,0.0,맑음
2025-10-04,피자,8,23.3,19.3,0.0,맑음
2025-10-05,분식,28,22.1,19.1,5.6,비
2025-10-05,일식,6,22.1,19.1,5.6,비
2025-10-05,중식,18,22.1,19.1,5.6,비
2025-10-05,치킨,18,22.1,19.1,5.6,비
2025-10-05,피자,30,22.1,19.1,5.6,비
2025-10-06,분식,26,20.0,15.5,30.5,비
2025-10-06,일식,4,20.0,15.5,30.5,비
2025-10-06,중식,8,20.0,15.5,30.5,비
2025-10-06,치킨,18,20.0,15.5,30.5,비
2025-10-06,피자,14,20.0,15.5,30.5,비
2025-10-07,분식,22,20.7,15.8,16.9,비
2025-10-07,일식,6,20.7,15.8,16.9,비
2025-10-07,중식,16,20.7,15.8,16.9,비
2025-10-07,치킨,16,20.7,15.8,16.9,비
2025-10-07,피자,10,20.7,15.8,16.9,비
2025-10-08,분식,20,26.4,16.1,0.0,맑음
2025-10-08,일식,4,26.4,16.1,0.0,맑음
2025-10-08,중식,6,26.4,16.1,0.0,맑음
2025-10-08,치킨,4,26.4,16.1,0.0,맑음
2025-10-08,피자,12,26.4,16.1,0.0,맑음
2025-10-09,분식,10,21.4,17.6,0.1,비
2025-10-09,일식,10,21.4,17.6,0.1,비
2025-10-09,중식,12,21.4,17.6,0.1,비
2025-10-09,치킨,16,21.4,17.6,0.1,비
2025-10-09,피자,16,21.4,17.6,0.1,비
2025-10-10,분식,32,18.5,15.8,20.8,비
2025-10-10,일식,4,18.5,15.8,20.8,비
2025-10-10,중식,8,18.5,15.8,20.8,비
2025-10-10,치킨,16,18.5,15.8,20.8,비
2025-10-10,피자,16,18.5,15.8,20.8,비
2025-10-11,분식,30,24.5,16.8,17.7,비
2025-10-11,일식,14,24.5,16.8,17.7,비
2025-10-11,중식,20,24.5,16.8,17.7,비
2025-10-11,치킨,18,24.5,16.8,17.7,비
2025-10-11,피자,14,24.5,16.8,17.7,비
2025-10-12,분식,24,21.7,15.9,1.4,비
2025-10-12,일식,8,21.7,15.9,1.4,비
2025-10-12,중식,18,21.7,15.9,1.4,비
2025-10-12,치킨,30,21.7,15.9,1.4,비
2025-10-12,피자,8,21.7,15.9,1.4,비
2025-10-13,분식,26,17.9,13.3,25.2,비
2025-10-13,일식,10,17.9,13.3,25.2,비
2025-10-13,중식,20,17.9,13.3,25.2,비
2025-10-13,치킨,18,17.9,13.3,25.2,비
2025-10-13,피자,26,17.9,13.3,25.2,비
2025-10-14,분식,16,19.8,13.9,2.4,비
2025-10-14,일식,8,19.8,13.9,2.4,비
2025-10-14,중식,4,19.8,13.9,2.4,비
2025-10-14,치킨,8,19.8,13.9,2.4,비
2025-10-14,피자,12,19.8,13.9,2.4,비
2025-10-15,분식,26,24.0,15.6,9.0,비
2025-10-15,일식,12,24.0,15.6,9.0,비
2025-10-15,중식,10,24.0,15.6,9.0,비
2025-10-15,치킨,18,24.0,15.6,9.0,비
2025-10-15,피자,16,24.0,15.6,9.0,비
2025-10-16,분식,26,23.6,16.8,6.9,비
2025-10-16,일식,4,23.6,16.8,6.9,비
2025-10-16,중식,14,23.6,16.8,6.9,비
2025-10-16,치킨,20,23.6,16.8,6.9,비
2025-10-16,피자,8,23.6,16.8,6.9,비
2025-10-17,분식,14,23.1,14.8,5.0,비
2025-10-17,일식,8,23.1,14.8,5.0,비
2025-10-17,중식,10,23.1,14.8,5.0,비
2025-10-17,치킨,16,23.1,14.8,5.0,비
2025-10-17,피자,14,23.1,14.8,5.0,비
2025-10-18,분식,28,17.5,12.7,12.8,비
2025-10-18,일식,8,17.5,12.7,12.8,비
2025-10-18,중식,12,17.5,12.7,12.8,비
2025-10-18,치킨,18,17.5,12.7,12.8,비
2025-10-18,피자,24,17.5,12.7,12.8,비
2025-10-19,분식,24,18.0,8.4,0.1,비
2025-10-19,일식,6,18.0,8.4,0.1,비
2025-10-19,중식,14,18.0,8.4,0.1,비
2025-10-19,치킨,16,18.0,8.4,0.1,비
2025-10-19,피자,14,18.0,8.4,0.1,비
2025-10-20,분식,16,14.7,5.2,0.1,비
2025-10-20,일식,12,14.7,5.2,0.1,비
2025-10-20,중식,2,14.7,5.2,0.1,비
2025-10-20,치킨,12,14.7,5.2,0.1,비
2025-10-21,분식,12,13.8,4.3,0.0,맑음
2025-10-21,일식,6,13.8,4.3,0.0,맑음
2025-10-21,중식,22,13.8,4.3,0.0,맑음
2025-10-21,치킨,12,13.8,4.3,0.0,맑음
2025-10-21,피자,2,13.8,4.3,0.0,맑음
2025-10-22,분식,16,17.7,5.0,0.2,비
2025-10-22,일식,10,17.7,5.0,0.2,비
2025-10-22,중식,10,17.7,5.0,0.2,비
2025-10-22,치킨,20,17.7,5.0,0.2,비
2025-10-23,분식,14,18.6,10.7,0.5,비
2025-10-23,일식,6,18.6,10.7,0.5,비
2025-10-23,중식,8,18.6,10.7,0.5,비
2025-10-23,치킨,6,18.6,10.7,0.5,비
2025-10-23,피자,16,18.6,10.7,0.5,비
2025-10-24,분식,20,19.3,11.1,0.2,비
2025-10-24,일식,4,19.3,11.1,0.2,비
2025-10-24,중식,10,19.3,11.1,0.2,비
2025-10-24,치킨,16,19.3,11.1,0.2,비
2025-10-24,피자,8,19.3,11.1,0.2,비
2025-10-25,분식,22,16.7,10.5,0.5,비
2025-10-25,일식,10,16.7,10.5,0.5,비
2025-10-25,중식,6,16.7,10.5,0.5,비
2025-10-25,치킨,32,16.7,10.5,0.5,비
2025-10-25,피자,22,16.7,10.5,0.5,비
2025-10-26,분식,10,14.5,10.4,0.0,맑음
2025-10-26,일식,12,14.5,10.4,0.0,맑음
2025-10-26,중식,6,14.5,10.4,0.0,맑음
2025-10-26,치킨,28,14.5,10.4,0.0,맑음
2025-10-26,피자,10,14.5,10.4,0.0,맑음
2025-10-27,분식,10,9.7,2.4,0.0,맑음
2025-10-27,일식,6,9.7,2.4,0.0,맑음
2025-10-27,중식,20,9.7,2.4,0.0,맑음
2025-10-27,치킨,4,9.7,2.4,0.0,맑음
2025-10-27,피자,8,9.7,2.4,0.0,맑음
2025-10-28,분식,10,11.5,1.4,0.0,맑음
2025-10-28,일식,4,11.5,1.4,0.0,맑음
2025-10-28,중식,2,11.5,1.4,0.0,맑음
2025-10-28,치킨,8,11.5,1.4,0.0,맑음
2025-10-28,피자,2,11.5,1.4,0.0,맑음
2025-10-29,분식,4,15.3,4.6,0.0,맑음
2025-10-29,일식,4,15.3,4.6,0.0,맑음
2025-10-29,중식,2,15.3,4.6,0.0,맑음
2025-10-29,치킨,8,15.3,4.6,0.0,맑음
2025-10-29,피자,12,15.3,4.6,0.0,맑음
2025-10-30,분식,2,16.3,5.7,0.0,맑음
2025-10-30,중식,6,16.3,5.7,0.0,맑음
2025-10-30,치킨,12,16.3,5.7,0.0,맑음
2025-10-30,피자,12,16.3,5.7,0.0,맑음
2025-10-31,분식,14,18.1,9.0,1.2,비
2025-10-31,일식,4,18.1,9.0,1.2,비
2025-10-31,중식,10,18.1,9.0,1.2,비
2025-10-31,치킨,6,18.1,9.0,1.2,비
2025-10-31,피자,6,18.1,9.0,1.2,비
2025-11-01,분식,26,15.4,9.1,0.9,비
2025-11-01,일식,8,15.4,9.1,0.9,비
2025-11-01,중식,8,15.4,9.1,0.9,비
2025-11-01,치킨,20,15.4,9.1,0.9,비
2025-11-01,피자,4,15.4,9.1,0.9,비
2025-11-02,분식,16,10.3,2.8,0.1,비
2025-11-02,일식,4,10.3,2.8,0.1,비
2025-11-02,중식,14,10.3,2.8,0.1,비
2025-11-02,치킨,12,10.3,2.8,0.1,비
2025-11-02,피자,10,10.3,2.8,0.1,비
2025-11-03,분식,16,11.3,-0.4,0.0,맑음
2025-11-03,일식,6,11.3,-0.4,0.0,맑음
2025-11-03,중식,6,11.3,-0.4,0.0,맑음
2025-11-03,치킨,12,11.3,-0.4,0.0,맑음
2025-11-03,피자,8,11.3,-0.4,0.0,맑음
2025-11-04,분식,4,13.6,3.2,0.0,맑음
2025-11-04,일식,8,13.6,3.2,0.0,맑음
2025-11-04,중식,6,13.6,3.2,0.0,맑음
2025-11-04,치킨,8,13.6,3.2,0.0,맑음
2025-11-04,피자,4,13.6,3.2,0.0,맑음
2025-11-05,분식,20,16.3,4.2,0.0,맑음
2025-11-05,일식,8,16.3,4.2,0.0,맑음
2025-11-05,중식,4,16.3,4.2,0.0,맑음
2025-11-05,치킨,16,16.3,4.2,0.0,맑음
2025-11-05,피자,10,16.3,4.2,0.0,맑음
2025-11-06,분식,10,16.7,4.8,0.0,맑음
2025-11-06,일식,4,16.7,4.8,0.0,맑음
2025-11-06,중식,4,16.7,4.8,0.0,맑음
2025-11-06,치킨,10,16.7,4.8,0.0,맑음
2025-11-06,피자,12,16.7,4.8,0.0,맑음
2025-11-07,분식,10,18.0,6.8,0.0,맑음
2025-11-07,일식,4,18.0,6.8,0.0,맑음
2025-11-07,중식,12,18.0,6.8,0.0,맑음
2025-11-07,치킨,10,18.0,6.8,0.0,맑음
2025-11-07,피자,2,18.0,6.8,0.0,맑음
2025-11-08,분식,28,15.2,10.2,0.1,비
2025-11-08,일식,12,15.2,10.2,0.1,비
2025-11-08,중식,22,15.2,10.2,0.1,비
2025-11-08,치킨,20,15.2,10.2,0.1,비
2025-11-08,피자,18,15.2,10.2,0.1,비
2025-11-09,분식,26,15.9,8.6,0.0,맑음
2025-11-09,일식,10,15.9,8.6,0.0,맑음
2025-11-09,중식,16,15.9,8.6,0.0,맑음
2025-11-09,치킨,10,15.9,8.6,0.0,맑음
2025-11-09,피자,8,15.9,8.6,0.0,맑음
2025-11-10,분식,8,10.2,4.7,0.0,맑음
2025-11-10,일식,8,10.2,4.7,0.0,맑음
2025-11-10,중식,6,10.2,4.7,0.0,맑음
2025-11-10,치킨,6,10.2,4.7,0.0,맑음
2025-11-10,피자,8,10.2,4.7,0.0,맑음
2025-11-11,분식,8,13.0,2.6,0.0,맑음
2025-11-11,일식,6,13.0,2.6,0.0,맑음
2025-11-11,중식,2,13.0,2.6,0.0,맑음
2025-11-11,치킨,22,13.0,2.6,0.0,맑음
2025-11-11,피자,4,13.0,2.6,0.0,맑음
2025-11-12,분식,12,14.8,3.5,0.0,맑음
2025-11-12,중식,8,14.8,3.5,0.0,맑음
2025-11-12,치킨,8,14.8,3.5,0.0,맑음
2025-11-12,피자,4,14.8,3.5,0.0,맑음
2025-11-13,분식,6,15.9,4.7,0.0,맑음
2025-11-13,일식,2,15.9,4.7,0.0,맑음
2025-11-13,중식,12,15.9,4.7,0.0,맑음
2025-11-13,치킨,2,15.9,4.7,0.0,맑음
2025-11-13,피자,8,15.9,4.7,0.0,맑음
2025-11-14,분식,2,12.8,2.9,0.0,맑음
2025-11-14,일식,4,12.8,2.9,0.0,맑음
2025-11-14,중식,10,12.8,2.9,0.0,맑음
2025-11-14,치킨,8,12.8,2.9,0.0,맑음
2025-11-14,피자,10,12.8,2.9,0.0,맑음
2025-11-15,분식,12,14.0,1.8,0.0,맑음
2025-11-15,일식,8,14.0,1.8,0.0,맑음
2025-11-15,중식,10,14.0,1.8,0.0,맑음
2025-11-15,치킨,10,14.0,1.8,0.0,맑음
2025-11-15,피자,18,14.0,1.8,0.0,맑음
2025-11-16,분식,18,15.7,3.3,0.8,비
2025-11-16,일식,6,15.7,3.3,0.8,비
2025-11-16,중식,20,15.7,3.3,0.8,비
2025-11-16,치킨,22,15.7,3.3,0.8,비
2025-11-16,피자,14,15.7,3.3,0.8,비
2025-11-17,분식,18,8.8,-0.8,0.0,맑음
2025-11-17,일식,6,8.8,-0.8,0.0,맑음
2025-11-17,중식,4,8.8,-0.8,0.0,맑음
2025-11-17,치킨,6,8.8,-0.8,0.0,맑음
2025-11-17,피자,2,8.8,-0.8,0.0,맑음
2025-11-18,분식,12,4.4,-2.9,0.0,맑음
2025-11-18,일식,2,4.4,-2.9,0.0,맑음
2025-11-18,중식,4,4.4,-2.9,0.0,맑음
2025-11-18,치킨,8,4.4,-2.9,0.0,맑음
2025-11-18,피자,2,4.4,-2.9,0.0,맑음
2025-11-19,분식,10,5.8,-2.3,0.0,맑음
2025-11-19,일식,10,5.8,-2.3,0.0,맑음
2025-11-19,중식,4,5.8,-2.3,0.0,맑음
2025-11-19,치킨,6,5.8,-2.3,0.0,맑음
2025-11-19,피자,6,5.8,-2.3,0.0,맑음
2025-11-20,분식,6,12.9,0.6,0.0,맑음
2025-11-20,일식,10,12.9,0.6,0.0,맑음
2025-11-20,치킨,12,12.9,0.6,0.0,맑음
2025-11-20,피자,10,12.9,0.6,0.0,맑음
2025-11-21,분식,4,10.6,0.3,0.0,맑음
2025-11-21,일식,8,10.6,0.3,0.0,맑음
2025-11-21,중식,10,10.6,0.3,0.0,맑음
2025-11-21,치킨,8,10.6,0.3,0.0,맑음
2025-11-22,분식,12,13.1,2.4,0.0,맑음
2025-11-22,일식,10,13.1,2.4,0.0,맑음
2025-11-22,중식,16,13.1,2.4,0.0,맑음
2025-11-22,치킨,12,13.1,2.4,0.0,맑음
2025-11-22,피자,8,13.1,2.4,0.0,맑음
2025-11-23,분식,28,13.3,4.8,0.4,비
2025-11-23,일식,8,13.3,4.8,0.4,비
2025-11-23,중식,10,13.3,4.8,0.4,비
2025-11-23,치킨,20,13.3,4.8,0.4,비
2025-11-23,피자,12,13.3,4.8,0.4,비
2025-11-24,분식,22,15.7,8.2,0.2,비
2025-11-24,일식,8,15.7,8.2,0.2,비
2025-11-24,중식,4,15.7,8.2,0.2,비
2025-11-24,치킨,12,15.7,8.2,0.2,비
2025-11-24,피자,8,15.7,8.2,0.2,비
2025-11-25,분식,20,8.7,4.0,3.5,비
2025-11-25,일식,2,8.7,4.0,3.5,비
2025-11-25,중식,8,8.7,4.0,3.5,비
2025-11-25,치킨,18,8.7,4.0,3.5,비
2025-11-25,피자,8,8.7,4.0,3.5,비
2025-11-26,분식,14,8.5,1.8,0.0,맑음
2025-11-26,일식,4,8.5,1.8,0.0,맑음
2025-11-26,중식,12,8.5,1.8,0.0,맑음
2025-11-26,치킨,10,8.5,1.8,0.0,맑음
2025-11-26,피자,6,8.5,1.8,0.0,맑음
2025-11-27,분식,28,9.0,2.2,9.1,비
2025-11-27,일식,4,9.0,2.2,9.1,비
2025-11-27,중식,12,9.0,2.2,9.1,비
2025-11-27,치킨,10,9.0,2.2,9.1,비
2025-11-27,피자,14,9.0,2.2,9.1,비
2025-11-28,분식,6,4.9,-2.0,0.0,맑음
2025-11-28,일식,4,4.9,-2.0,0.0,맑음
2025-11-28,중식,4,4.9,-2.0,0.0,맑음
2025-11-28,치킨,6,4.9,-2.0,0.0,맑음
2025-11-28,피자,2,4.9,-2.0,0.0,맑음
2025-11-29,분식,20,9.4,-1.3,0.4,비
2025-11-29,일식,2,9.4,-1.3,0.4,비
2025-11-29,중식,18,9.4,-1.3,0.4,비
2025-11-29,치킨,12,9.4,-1.3,0.4,비
2025-11-29,피자,8,9.4,-1.3,0.4,비
2025-11-30,분식,28,14.8,6.5,0.8,비
2025-11-30,일식,8,14.8,6.5,0.8,비
2025-11-30,중식,16,14.8,6.5,0.8,비
2025-11-30,치킨,22,14.8,6.5,0.8,비
2025-11-30,피자,14,14.8,6.5,0.8,비
2025-12-01,분식,10,10.3,1.0,0.0,맑음
2025-12-01,일식,8,10.3,1.0,0.0,맑음
2025-12-01,중식,12,10.3,1.0,0.0,맑음
2025-12-01,치킨,6,10.3,1.0,0.0,맑음
2025-12-01,피자,6,10.3,1.0,0.0,맑음
2025-12-02,분식,10,1.5,-6.2,0.0,맑음
2025-12-02,일식,2,1.5,-6.2,0.0,맑음
2025-12-02,중식,6,1.5,-6.2,0.0,맑음
2025-12-02,치킨,10,1.5,-6.2,0.0,맑음
2025-12-02,피자,4,1.5,-6.2,0.0,맑음
2025-12-03,분식,8,-4.0,-8.6,0.0,맑음
2025-12-03,일식,2,-4.0,-8.6,0.0,맑음
2025-12-03,중식,2,-4.0,-8.6,0.0,맑음
2025-12-03,피자,10,-4.0,-8.6,0.0,맑음
2025-12-04,분식,22,0.0,-10.0,1.7,비
2025-12-04,일식,6,0.0,-10.0,1.7,비
2025-12-04,중식,8,0.0,-10.0,1.7,비
2025-12-04,치킨,20,0.0,-10.0,1.7,비
2025-12-04,피자,8,0.0,-10.0,1.7,비
2025-12-05,분식,8,-0.7,-10.7,0.0,맑음
2025-12-05,일식,2,-0.7,-10.7,0.0,맑음
2025-12-05,중식,10,-0.7,-10.7,0.0,맑음
2025-12-05,치킨,16,-0.7,-10.7,0.0,맑음
2025-12-05,피자,4,-0.7,-10.7,0.0,맑음
2025-12-06,분식,20,4.3,-3.6,3.2,비
2025-12-06,일식,4,4.3,-3.6,3.2,비
2025-12-06,중식,14,4.3,-3.6,3.2,비
2025-12-06,치킨,18,4.3,-3.6,3.2,비
2025-12-06,피자,12,4.3,-3.6,3.2,비
2025-12-07,분식,12,10.7,-1.1,1.2,비
2025-12-07,일식,4,10.7,-1.1,1.2,비
2025-12-07,중식,2,10.7,-1.1,1.2,비
2025-12-07,치킨,18,10.7,-1.1,1.2,비
2025-12-07,피자,12,10.7,-1.1,1.2,비
2025-12-08,분식,26,4.8,-1.9,0.0,맑음
2025-12-08,일식,6,4.8,-1.9,0.0,맑음
2025-12-08,중식,8,4.8,-1.9,0.0,맑음
2025-12-08,치킨,6,4.8,-1.9,0.0,맑음
2025-12-08,피자,4,4.8,-1.9,0.0,맑음
2025-12-09,분식,8,5.6,-3.6,0.0,맑음
2025-12-09,일식,2,5.6,-3.6,0.0,맑음
2025-12-09,중식,6,5.6,-3.6,0.0,맑음
2025-12-09,치킨,14,5.6,-3.6,0.0,맑음
2025-12-09,피자,6,5.6,-3.6,0.0,맑음
2025-12-10,분식,12,7.7,-1.5,0.1,비
2025-12-10,일식,10,7.7,-1.5,0.1,비
2025-12-10,중식,6,7.7,-1.5,0.1,비
2025-12-10,치킨,16,7.7,-1.5,0.1,비
2025-12-10,피자,16,7.7,-1.5,0.1,비
2025-12-11,분식,14,6.7,-3.7,11.2,비
2025-12-11,일식,8,6.7,-3.7,11.2,비
2025-12-11,중식,8,6.7,-3.7,11.2,비
2025-12-11,치킨,20,6.7,-3.7,11.2,비
2025-12-11,피자,10,6.7,-3.7,11.2,비
2025-12-12,분식,12,5.0,-4.2,0.0,맑음
2025-12-12,일식,8,5.0,-4.2,0.0,맑음
2025-12-12,중식,4,5.0,-4.2,0.0,맑음
2025-12-12,치킨,8,5.0,-4.2,0.0,맑음
2025-12-12,피자,4,5.0,-4.2,0.0,맑음
2025-12-13,분식,10,2.2,-1.7,9.8,비
2025-12-13,중식,12,2.2,-1.7,9.8,비
2025-12-13,치킨,16,2.2,-1.7,9.8,비
2025-12-13,피자,12,2.2,-1.7,9.8,비
2025-12-14,분식,18,2.1,-3.3,0.0,맑음
2025-12-14,일식,12,2.1,-3.3,0.0,맑음
2025-12-14,중식,16,2.1,-3.3,0.0,맑음
2025-12-14,치킨,14,2.1,-3.3,0.0,맑음
2025-12-14,피자,14,2.1,-3.3,0.0,맑음
2025-12-15,분식,10,4.3,-4.2,0.0,맑음
2025-12-15,일식,6,4.3,-4.2,0.0,맑음
2025-12-15,중식,10,4.3,-4.2,0.0,맑음
2025-12-15,치킨,10,4.3,-4.2,0.0,맑음
2025-12-15,피자,4,4.3,-4.2,0.0,맑음
2025-12-16,분식,4,2.9,-0.2,1.9,비
2025-12-16,일식,6,2.9,-0.2,1.9,비
2025-12-16,중식,16,2.9,-0.2,1.9,비
2025-12-16,치킨,16,2.9,-0.2,1.9,비
2025-12-16,피자,4,2.9,-0.2,1.9,비
2025-12-17,분식,10,5.5,-1.7,0.0,맑음
2025-12-17,일식,8,5.5,-1.7,0.0,맑음
2025-12-17,중식,10,5.5,-1.7,0.0,맑음
2025-12-17,치킨,8,5.5,-1.7,0.0,맑음
2025-12-17,피자,4,5.5,-1.7,0.0,맑음
2025-12-18,분식,4,4.8,-3.3,0.0,맑음
2025-12-18,일식,6,4.8,-3.3,0.0,맑음
2025-12-18,중식,10,4.8,-3.3,0.0,맑음
2025-12-18,치킨,10,4.8,-3.3,0.0,맑음
2025-12-18,피자,6,4.8,-3.3,0.0,맑음
2025-12-19,분식,10,6.8,-2.4,0.0,맑음
2025-12-19,일식,4,6.8,-2.4,0.0,맑음
2025-12-19,중식,8,6.8,-2.4,0.0,맑음
2025-12-19,치킨,6,6.8,-2.4,0.0,맑음
2025-12-19,피자,10,6.8,-2.4,0.0,맑음
2025-12-20,분식,26,9.2,0.3,4.0,비
2025-12-20,일식,10,9.2,0.3,4.0,비
2025-12-20,중식,14,9.2,0.3,4.0,비
2025-12-20,치킨,14,9.2,0.3,4.0,비
2025-12-20,피자,6,9.2,0.3,4.0,비
2025-12-21,분식,12,0.2,-4.5,0.0,맑음
2025-12-21,일식,12,0.2,-4.5,0.0,맑음
2025-12-21,중식,14,0.2,-4.5,0.0,맑음
2025-12-21,치킨,12,0.2,-4.5,0.0,맑음
2025-12-21,피자,8,0.2,-4.5,0.0,맑음
2025-12-22,분식,14,2.3,-6.1,0.0,맑음
2025-12-22,일식,8,2.3,-6.1,0.0,맑음
2025-12-22,중식,4,2.3,-6.1,0.0,맑음
2025-12-22,치킨,4,2.3,-6.1,0.0,맑음
2025-12-22,피자,8,2.3,-6.1,0.0,맑음
2025-12-23,분식,14,2.2,-1.8,10.9,비
2025-12-23,일식,4,2.2,-1.8,10.9,비
2025-12-23,중식,16,2.2,-1.8,10.9,비
2025-12-23,치킨,12,2.2,-1.8,10.9,비
2025-12-23,피자,6,2.2,-1.8,10.9,비
2025-12-24,분식,10,3.1,-2.5,0.0,맑음
2025-12-24,일식,10,3.1,-2.5,0.0,맑음
2025-12-24,중식,2,3.1,-2.5,0.0,맑음
2025-12-24,치킨,12,3.1,-2.5,0.0,맑음
2025-12-24,피자,8,3.1,-2.5,0.0,맑음
2025-12-25,분식,14,-1.2,-9.5,0.0,맑음
2025-12-25,중식,6,-1.2,-9.5,0.0,맑음
2025-12-25,치킨,8,-1.2,-9.5,0.0,맑음
2025-12-25,피자,2,-1.2,-9.5,0.0,맑음
2025-12-26,분식,6,-5.8,-12.2,0.0,맑음
2025-12-26,일식,6,-5.8,-12.2,0.0,맑음
2025-12-26,중식,20,-5.8,-12.2,0.0,맑음
2025-12-26,치킨,2,-5.8,-12.2,0.0,맑음
2025-12-26,피자,4,-5.8,-12.2,0.0,맑음
2025-12-27,분식,8,2.2,-8.8,0.0,맑음
2025-12-27,일식,4,2.2,-8.8,0.0,맑음
2025-12-27,중식,10,2.2,-8.8,0.0,맑음
2025-12-27,치킨,10,2.2,-8.8,0.0,맑음
2025-12-27,피자,12,2.2,-8.8,0.0,맑음
2025-12-28,분식,18,5.9,-3.6,1.2,비
2025-12-28,일식,2,5.9,-3.6,1.2,비
2025-12-28,중식,6,5.9,-3.6,1.2,비
2025-12-28,치킨,14,5.9,-3.6,1.2,비
2025-12-28,피자,12,5.9,-3.6,1.2,비
2025-12-29,분식,22,8.0,-1.9,0.7,비
2025-12-29,일식,4,8.0,-1.9,0.7,비
2025-12-29,중식,6,8.0,-1.9,0.7,비
2025-12-29,치킨,16,8.0,-1.9,0.7,비
2025-12-29,피자,12,8.0,-1.9,0.7,비
2025-12-30,분식,10,1.7,-4.5,0.0,맑음
2025-12-30,일식,6,1.7,-4.5,0.0,맑음
2025-12-30,중식,8,1.7,-4.5,0.0,맑음
2025-12-30,치킨,8,1.7,-4.5,0.0,맑음
2025-12-30,피자,12,1.7,-4.5,0.0,맑음
2025-12-31,분식,14,-2.2,-8.8,0.0,맑음
2025-12-31,일식,4,-2.2,-8.8,0.0,맑음
2025-12-31,치킨,4,-2.2,-8.8,0.0,맑음
2025-12-31,피자,2,-2.2,-8.8,0.0,맑음
2026-01-01,분식,4,-4.4,-11.2,0.0,맑음
2026-01-01,일식,6,-4.4,-11.2,0.0,맑음
2026-01-01,중식,4,-4.4,-11.2,0.0,맑음
2026-01-01,치킨,8,-4.4,-11.2,0.0,맑음
2026-01-01,피자,14,-4.4,-11.2,0.0,맑음
2026-01-02,분식,10,-5.8,-12.2,0.0,맑음
2026-01-02,중식,4,-5.8,-12.2,0.0,맑음
2026-01-02,치킨,6,-5.8,-12.2,0.0,맑음
2026-01-02,피자,8,-5.8,-12.2,0.0,맑음
2026-01-03,분식,8,-0.9,-10.7,0.0,맑음
2026-01-03,일식,6,-0.9,-10.7,0.0,맑음
2026-01-03,중식,10,-0.9,-10.7,0.0,맑음
2026-01-03,치킨,4,-0.9,-10.7,0.0,맑음
2026-01-03,피자,6,-0.9,-10.7,0.0,맑음
2026-01-04,분식,10,2.4,-4.6,0.0,맑음
2026-01-04,중식,8,2.4,-4.6,0.0,맑음
2026-01-04,치킨,20,2.4,-4.6,0.0,맑음
2026-01-04,피자,8,2.4,-4.6,0.0,맑음
2026-01-05,분식,10,0.1,-5.0,0.0,맑음
2026-01-05,일식,12,0.1,-5.0,0.0,맑음
2026-01-05,중식,6,0.1,-5.0,0.0,맑음
2026-01-05,치킨,4,0.1,-5.0,0.0,맑음
2026-01-05,피자,6,0.1,-5.0,0.0,맑음
2026-01-06,분식,6,2.4,-7.6,0.0,맑음
2026-01-06,일식,4,2.4,-7.6,0.0,맑음
2026-01-06,치킨,6,2.4,-7.6,0.0,맑음
2026-01-06,피자,2,2.4,-7.6,0.0,맑음
2026-01-07,분식,14,0.9,-5.6,0.0,맑음
2026-01-07,일식,2,0.9,-5.6,0.0,맑음
2026-01-07,중식,2,0.9,-5.6,0.0,맑음
2026-01-07,치킨,2,0.9,-5.6,0.0,맑음
2026-01-07,피자,4,0.9,-5.6,0.0,맑음
2026-01-08,분식,6,-3.2,-8.5,0.0,맑음
2026-01-08,일식,4,-3.2,-8.5,0.0,맑음
2026-01-08,중식,2,-3.2,-8.5,0.0,맑음
2026-01-08,치킨,4,-3.2,-8.5,0.0,맑음
2026-01-08,피자,8,-3.2,-8.5,0.0,맑음
2026-01-09,분식,14,3.1,-7.7,0.1,비
2026-01-09,일식,2,3.1,-7.7,0.1,비
2026-01-09,중식,10,3.1,-7.7,0.1,비
2026-01-09,치킨,10,3.1,-7.7,0.1,비
2026-01-09,피자,4,3.1,-7.7,0.1,비
2026-01-10,분식,22,4.1,-5.0,7.1,비
2026-01-10,일식,6,4.1,-5.0,7.1,비
2026-01-10,중식,18,4.1,-5.0,7.1,비
2026-01-10,치킨,14,4.1,-5.0,7.1,비
2026-01-10,피자,12,4.1,-5.0,7.1,비
2026-01-11,분식,16,-5.0,-9.5,0.0,맑음
2026-01-11,일식,6,-5.0,-9.5,0.0,맑음
2026-01-11,중식,10,-5.0,-9.5,0.0,맑음
2026-01-11,치킨,8,-5.0,-9.5,0.0,맑음
2026-01-11,피자,6,-5.0,-9.5,0.0,맑음
2026-01-12,분식,14,0.3,-10.7,3.1,비
2026-01-12,일식,10,0.3,-10.7,3.1,비
2026-01-12,중식,12,0.3,-10.7,3.1,비
2026-01-12,치킨,16,0.3,-10.7,3.1,비
2026-01-12,피자,6,0.3,-10.7,3.1,비
2026-01-13,분식,22,1.0,-8.5,0.2,비
2026-01-13,일식,6,1.0,-8.5,0.2,비
2026-01-13,중식,12,1.0,-8.5,0.2,비
2026-01-13,치킨,12,1.0,-8.5,0.2,비
2026-01-13,피자,14,1.0,-8.5,0.2,비
2026-01-14,분식,8,-0.4,-10.6,0.2,비
2026-01-14,일식,6,-0.4,-10.6,0.2,비
2026-01-14,중식,8,-0.4,-10.6,0.2,비
2026-01-14,치킨,12,-0.4,-10.6,0.2,비
2026-01-14,피자,6,-0.4,-10.6,0.2,비
2026-01-15,분식,10,7.2,-1.4,0.0,맑음
2026-01-15,일식,4,7.2,-1.4,0.0,맑음
2026-01-15,중식,10,7.2,-1.4,0.0,맑음
2026-01-15,치킨,6,7.2,-1.4,0.0,맑음
2026-01-15,피자,8,7.2,-1.4,0.0,맑음
2026-01-16,분식,12,6.2,-1.7,0.0,맑음
2026-01-16,일식,6,6.2,-1.7,0.0,맑음
2026-01-16,중식,8,6.2,-1.7,0.0,맑음
2026-01-16,치킨,6,6.2,-1.7,0.0,맑음
2026-01-16,피자,2,6.2,-1.7,0.0,맑음
2026-01-17,분식,20,1.8,-5.7,0.0,맑음
2026-01-17,일식,12,1.8,-5.7,0.0,맑음
2026-01-17,중식,12,1.8,-5.7,0.0,맑음
2026-01-17,치킨,20,1.8,-5.7,0.0,맑음
2026-01-17,피자,12,1.8,-5.7,0.0,맑음
2026-01-18,분식,14,3.3,-4.4,0.8,비
2026-01-18,일식,6,3.3,-4.4,0.8,비
2026-01-18,중식,10,3.3,-4.4,0.8,비
2026-01-18,치킨,22,3.3,-4.4,0.8,비
2026-01-18,피자,8,3.3,-4.4,0.8,비
2026-01-19,분식,14,-1.0,-10.5,2.4,비
2026-01-19,일식,4,-1.0,-10.5,2.4,비
2026-01-19,중식,2,-1.0,-10.5,2.4,비
2026-01-19,치킨,12,-1.0,-10.5,2.4,비
2026-01-19,피자,2,-1.0,-10.5,2.4,비
2026-01-20,분식,12,-5.9,-13.8,0.0,맑음
2026-01-20,일식,4,-5.9,-13.8,0.0,맑음
2026-01-20,중식,2,-5.9,-13.8,0.0,맑음
2026-01-20,치킨,4,-5.9,-13.8,0.0,맑음
2026-01-20,피자,6,-5.9,-13.8,0.0,맑음
2026-01-21,분식,8,-7.3,-14.3,0.0,맑음
2026-01-21,일식,6,-7.3,-14.3,0.0,맑음
2026-01-21,중식,4,-7.3,-14.3,0.0,맑음
2026-01-21,치킨,4,-7.3,-14.3,0.0,맑음
2026-01-22,분식,14,-6.2,-14.8,0.0,맑음
2026-01-22,일식,6,-6.2,-14.8,0.0,맑음
2026-01-22,중식,4,-6.2,-14.8,0.0,맑음
2026-01-22,치킨,4,-6.2,-14.8,0.0,맑음
2026-01-23,분식,14,-2.3,-13.2,0.8,비
2026-01-23,일식,2,-2.3,-13.2,0.8,비
2026-01-23,중식,6,-2.3,-13.2,0.8,비
2026-01-23,치킨,12,-2.3,-13.2,0.8,비
2026-01-23,피자,2,-2.3,-13.2,0.8,비
2026-01-24,분식,8,-3.6,-12.7,0.0,맑음
2026-01-24,일식,10,-3.6,-12.7,0.0,맑음
2026-01-24,중식,8,-3.6,-12.7,0.0,맑음
2026-01-24,치킨,8,-3.6,-12.7,0.0,맑음
2026-01-24,피자,4,-3.6,-12.7,0.0,맑음
2026-01-25,분식,18,-3.8,-12.2,0.0,맑음
2026-01-25,일식,8,-3.8,-12.2,0.0,맑음
2026-01-25,중식,10,-3.8,-12.2,0.0,맑음
2026-01-25,치킨,10,-3.8,-12.2,0.0,맑음
2026-01-26,분식,16,-2.5,-11.4,0.0,맑음
2026-01-26,일식,2,-2.5,-11.4,0.0,맑음
2026-01-26,중식,8,-2.5,-11.4,0.0,맑음
2026-01-26,치킨,18,-2.5,-11.4,0.0,맑음
2026-01-26,피자,6,-2.5,-11.4,0.0,맑음
2026-01-27,분식,18,-1.8,-9.0,0.0,맑음
2026-01-27,일식,2,-1.8,-9.0,0.0,맑음
2026-01-27,중식,6,-1.8,-9.0,0.0,맑음
2026-01-27,치킨,6,-1.8,-9.0,0.0,맑음
2026-01-27,피자,2,-1.8,-9.0,0.0,맑음
2026-01-28,분식,8,-2.5,-10.7,0.0,맑음
2026-01-28,치킨,6,-2.5,-10.7,0.0,맑음
2026-01-28,피자,12,-2.5,-10.7,0.0,맑음
2026-01-29,분식,2,-1.9,-10.6,0.0,맑음
2026-01-29,일식,6,-1.9,-10.6,0.0,맑음
2026-01-29,중식,2,-1.9,-10.6,0.0,맑음
2026-01-29,치킨,16,-1.9,-10.6,0.0,맑음
2026-01-29,피자,2,-1.9,-10.6,0.0,맑음
2026-01-30,분식,18,-3.7,-11.4,0.0,맑음
2026-01-30,일식,6,-3.7,-11.4,0.0,맑음
2026-01-30,중식,2,-3.7,-11.4,0.0,맑음
2026-01-30,치킨,8,-3.7,-11.4,0.0,맑음
2026-01-30,피자,10,-3.7,-11.4,0.0,맑음
2026-01-31,분식,18,-0.6,-12.1,0.0,맑음
2026-01-31,일식,12,-0.6,-12.1,0.0,맑음
2026-01-31,중식,10,-0.6,-12.1,0.0,맑음
2026-01-31,치킨,6,-0.6,-12.1,0.0,맑음
2026-01-31,피자,8,-0.6,-12.1,0.0,맑음
2026-02-01,분식,26,0.6,-8.8,0.1,비
2026-02-01,일식,2,0.6,-8.8,0.1,비
2026-02-01,중식,8,0.6,-8.8,0.1,비
2026-02-01,치킨,18,0.6,-8.8,0.1,비
2026-02-01,피자,12,0.6,-8.8,0.1,비
2026-02-02,분식,8,-0.5,-6.7,1.3,비
2026-02-02,일식,6,-0.5,-6.7,1.3,비
2026-02-02,중식,2,-0.5,-6.7,1.3,비
2026-02-02,치킨,12,-0.5,-6.7,1.3,비
2026-02-02,피자,2,-0.5,-6.7,1.3,비
2026-02-03,분식,6,3.0,-8.9,0.0,맑음
2026-02-03,일식,4,3.0,-8.9,0.0,맑음
2026-02-03,중식,4,3.0,-8.9,0.0,맑음
2026-02-03,치킨,10,3.0,-8.9,0.0,맑음
2026-02-04,분식,18,5.7,-2.3,0.0,맑음
2026-02-04,일식,6,5.7,-2.3,0.0,맑음
2026-02-04,중식,12,5.7,-2.3,0.0,맑음
2026-02-04,치킨,10,5.7,-2.3,0.0,맑음
2026-02-04,피자,8,5.7,-2.3,0.0,맑음
2026-02-05,분식,6,7.5,-3.1,0.0,맑음
2026-02-05,일식,10,7.5,-3.1,0.0,맑음
2026-02-05,중식,10,7.5,-3.1,0.0,맑음
2026-02-05,치킨,4,7.5,-3.1,0.0,맑음
2026-02-05,피자,8,7.5,-3.1,0.0,맑음
2026-02-06,분식,8,-3.9,-9.8,0.0,맑음
2026-02-06,일식,2,-3.9,-9.8,0.0,맑음
2026-02-06,중식,10,-3.9,-9.8,0.0,맑음
2026-02-06,치킨,2,-3.9,-9.8,0.0,맑음
2026-02-06,피자,8,-3.9,-9.8,0.0,맑음
2026-02-07,분식,8,-5.1,-11.0,0.0,맑음
2026-02-07,일식,6,-5.1,-11.0,0.0,맑음
2026-02-07,중식,8,-5.1,-11.0,0.0,맑음
2026-02-07,치킨,10,-5.1,-11.0,0.0,맑음
2026-02-07,피자,8,-5.1,-11.0,0.0,맑음
2026-02-08,분식,4,-4.8,-13.3,0.0,맑음
2026-02-08,일식,12,-4.8,-13.3,0.0,맑음
2026-02-08,중식,4,-4.8,-13.3,0.0,맑음
2026-02-08,치킨,12,-4.8,-13.3,0.0,맑음
2026-02-08,피자,4,-4.8,-13.3,0.0,맑음
2026-02-09,분식,4,1.3,-11.0,0.0,맑음
2026-02-09,일식,4,1.3,-11.0,0.0,맑음
2026-02-09,중식,8,1.3,-11.0,0.0,맑음
2026-02-09,치킨,6,1.3,-11.0,0.0,맑음
2026-02-10,분식,16,4.7,-3.3,0.6,비
2026-02-10,일식,6,4.7,-3.3,0.6,비
2026-02-10,중식,4,4.7,-3.3,0.6,비
2026-02-10,치킨,8,4.7,-3.3,0.6,비
2026-02-10,피자,14,4.7,-3.3,0.6,비
2026-02-11,분식,8,5.3,-1.8,0.0,맑음
2026-02-11,일식,6,5.3,-1.8,0.0,맑음
2026-02-11,중식,6,5.3,-1.8,0.0,맑음
2026-02-11,치킨,16,5.3,-1.8,0.0,맑음
2026-02-11,피자,8,5.3,-1.8,0.0,맑음
2026-02-12,분식,4,6.6,-4.0,0.0,맑음
2026-02-12,일식,2,6.6,-4.0,0.0,맑음
2026-02-12,중식,10,6.6,-4.0,0.0,맑음
2026-02-12,치킨,2,6.6,-4.0,0.0,맑음
2026-02-12,피자,6,6.6,-4.0,0.0,맑음
2026-02-13,분식,10,8.4,-0.4,0.0,맑음
2026-02-13,일식,4,8.4,-0.4,0.0,맑음
2026-02-13,중식,6,8.4,-0.4,0.0,맑음
2026-02-13,치킨,14,8.4,-0.4,0.0,맑음
2026-02-13,피자,8,8.4,-0.4,0.0,맑음
2026-02-14,분식,14,10.5,-0.5,0.0,맑음
2026-02-14,일식,4,10.5,-0.5,0.0,맑음
2026-02-14,중식,10,10.5,-0.5,0.0,맑음
2026-02-14,치킨,16,10.5,-0.5,0.0,맑음
2026-02-14,피자,8,10.5,-0.5,0.0,맑음
2026-02-15,분식,22,9.3,-1.2,0.0,맑음
2026-02-15,일식,6,9.3,-1.2,0.0,맑음
2026-02-15,중식,10,9.3,-1.2,0.0,맑음
2026-02-15,치킨,12,9.3,-1.2,0.0,맑음
2026-02-15,피자,10,9.3,-1.2,0.0,맑음
2026-02-16,분식,12,6.0,-3.7,0.0,맑음
2026-02-16,일식,2,6.0,-3.7,0.0,맑음
2026-02-16,중식,4,6.0,-3.7,0.0,맑음
2026-02-16,치킨,4,6.0,-3.7,0.0,맑음
2026-02-16,피자,8,6.0,-3.7,0.0,맑음
2026-02-17,분식,10,4.7,-4.9,0.0,맑음
2026-02-17,일식,2,4.7,-4.9,0.0,맑음
2026-02-17,중식,2,4.7,-4.9,0.0,맑음
2026-02-17,치킨,10,4.7,-4.9,0.0,맑음
2026-02-17,피자,8,4.7,-4.9,0.0,맑음
2026-02-18,분식,8,5.0,-2.2,0.0,맑음
2026-02-18,일식,8,5.0,-2.2,0.0,맑음
2026-02-18,중식,4,5.0,-2.2,0.0,맑음
2026-02-18,치킨,6,5.0,-2.2,0.0,맑음
2026-02-18,피자,12,5.0,-2.2,0.0,맑음
2026-02-19,분식,18,5.0,-4.2,0.0,맑음
2026-02-19,일식,2,5.0,-4.2,0.0,맑음
2026-02-19,중식,2,5.0,-4.2,0.0,맑음
2026-02-19,치킨,4,5.0,-4.2,0.0,맑음
2026-02-19,피자,4,5.0,-4.2,0.0,맑음
2026-02-20,분식,10,10.6,-2.5,0.0,맑음
2026-02-20,일식,8,10.6,-2.5,0.0,맑음
2026-02-20,중식,8,10.6,-2.5,0.0,맑음
2026-02-20,치킨,8,10.6,-2.5,0.0,맑음
2026-02-20,피자,8,10.6,-2.5,0.0,맑음
2026-02-21,분식,8,15.1,1.2,0.0,맑음
2026-02-21,일식,16,15.1,1.2,0.0,맑음
2026-02-21,중식,6,15.1,1.2,0.0,맑음
2026-02-21,치킨,14,15.1,1.2,0.0,맑음
2026-02-21,피자,14,15.1,1.2,0.0,맑음
2026-02-22,분식,14,10.8,0.1,0.1,비
2026-02-22,중식,14,10.8,0.1,0.1,비
2026-02-22,치킨,14,10.8,0.1,0.1,비
2026-02-22,피자,4,10.8,0.1,0.1,비
2026-02-23,분식,10,4.4,-2.7,0.0,맑음
2026-02-23,일식,10,4.4,-2.7,0.0,맑음
2026-02-23,중식,4,4.4,-2.7,0.0,맑음
2026-02-23,치킨,4,4.4,-2.7,0.0,맑음
2026-02-23,피자,2,4.4,-2.7,0.0,맑음
2026-02-24,분식,18,3.8,-1.4,1.3,비
2026-02-24,일식,2,3.8,-1.4,1.3,비
2026-02-24,중식,12,3.8,-1.4,1.3,비
2026-02-24,치킨,16,3.8,-1.4,1.3,비
2026-02-24,피자,8,3.8,-1.4,1.3,비
2026-02-25,분식,6,12.4,-1.7,0.0,맑음
2026-02-25,일식,2,12.4,-1.7,0.0,맑음
2026-02-25,중식,2,12.4,-1.7,0.0,맑음
2026-02-25,치킨,6,12.4,-1.7,0.0,맑음
2026-02-25,피자,4,12.4,-1.7,0.0,맑음
2026-02-26,분식,12,10.9,-1.4,0.0,맑음
2026-02-26,일식,4,10.9,-1.4,0.0,맑음
2026-02-26,중식,8,10.9,-1.4,0.0,맑음
2026-02-26,치킨,18,10.9,-1.4,0.0,맑음
2026-02-26,피자,4,10.9,-1.4,0.0,맑음
2026-02-27,분식,20,12.0,3.6,0.0,맑음
2026-02-27,일식,4,12.0,3.6,0.0,맑음
2026-02-27,중식,2,12.0,3.6,0.0,맑음
2026-02-27,치킨,8,12.0,3.6,0.0,맑음
2026-02-27,피자,12,12.0,3.6,0.0,맑음
2026-02-28,분식,8,13.7,-0.5,0.0,맑음
2026-02-28,일식,6,13.7,-0.5,0.0,맑음
2026-02-28,중식,14,13.7,-0.5,0.0,맑음
2026-02-28,치킨,16,13.7,-0.5,0.0,맑음
2026-02-28,피자,12,13.7,-0.5,0.0,맑음
2026-03-01,분식,22,11.5,3.1,0.5,비
2026-03-01,일식,2,11.5,3.1,0.5,비
2026-03-01,중식,16,11.5,3.1,0.5,비
2026-03-01,치킨,18,11.5,3.1,0.5,비
2026-03-01,피자,16,11.5,3.1,0.5,비
2026-03-02,분식,26,5.3,1.6,12.0,비
2026-03-02,일식,2,5.3,1.6,12.0,비
2026-03-02,중식,12,5.3,1.6,12.0,비
2026-03-02,치킨,28,5.3,1.6,12.0,비
2026-03-02,피자,18,5.3,1.6,12.0,비
2026-03-03,분식,30,9.7,1.0,1.4,비
2026-03-03,일식,6,9.7,1.0,1.4,비
2026-03-03,중식,12,9.7,1.0,1.4,비
2026-03-03,치킨,18,9.7,1.0,1.4,비
2026-03-03,피자,8,9.7,1.0,1.4,비
2026-03-04,분식,12,9.9,-0.6,0.0,맑음
2026-03-04,일식,4,9.9,-0.6,0.0,맑음
2026-03-04,중식,4,9.9,-0.6,0.0,맑음
2026-03-04,치킨,8,9.9,-0.6,0.0,맑음
2026-03-04,피자,4,9.9,-0.6,0.0,맑음
2026-03-05,분식,16,11.2,-1.2,11.8,비
2026-03-05,일식,4,11.2,-1.2,11.8,비
2026-03-05,중식,12,11.2,-1.2,11.8,비
2026-03-05,치킨,18,11.2,-1.2,11.8,비
2026-03-05,피자,10,11.2,-1.2,11.8,비
2026-03-06,분식,16,4.0,-2.1,0.9,비
2026-03-06,일식,4,4.0,-2.1,0.9,비
2026-03-06,중식,12,4.0,-2.1,0.9,비
2026-03-06,치킨,10,4.0,-2.1,0.9,비
2026-03-06,피자,6,4.0,-2.1,0.9,비
2026-03-07,분식,10,3.9,-4.1,0.0,맑음
2026-03-07,일식,8,3.9,-4.1,0.0,맑음
2026-03-07,중식,2,3.9,-4.1,0.0,맑음
2026-03-07,치킨,14,3.9,-4.1,0.0,맑음
2026-03-07,피자,6,3.9,-4.1,0.0,맑음
2026-03-08,분식,22,4.9,-4.3,0.0,맑음
2026-03-08,일식,12,4.9,-4.3,0.0,맑음
2026-03-08,중식,6,4.9,-4.3,0.0,맑음
2026-03-08,치킨,10,4.9,-4.3,0.0,맑음
2026-03-08,피자,12,4.9,-4.3,0.0,맑음
2026-03-09,분식,20,6.8,-1.0,0.1,비
2026-03-09,일식,2,6.8,-1.0,0.1,비
2026-03-09,중식,12,6.8,-1.0,0.1,비
2026-03-09,치킨,14,6.8,-1.0,0.1,비
2026-03-09,피자,8,6.8,-1.0,0.1,비
2026-03-10,분식,14,6.8,-2.8,0.0,맑음
2026-03-10,일식,10,6.8,-2.8,0.0,맑음
2026-03-10,중식,6,6.8,-2.8,0.0,맑음
2026-03-10,치킨,2,6.8,-2.8,0.0,맑음
2026-03-10,피자,10,6.8,-2.8,0.0,맑음
2026-03-11,분식,8,7.9,-1.4,0.0,맑음
2026-03-11,일식,6,7.9,-1.4,0.0,맑음
2026-03-11,중식,12,7.9,-1.4,0.0,맑음
2026-03-11,치킨,14,7.9,-1.4,0.0,맑음
2026-03-11,피자,8,7.9,-1.4,0.0,맑음
2026-03-12,분식,12,11.5,-1.2,0.0,맑음
2026-03-12,일식,4,11.5,-1.2,0.0,맑음
2026-03-12,중식,6,11.5,-1.2,0.0,맑음
2026-03-12,치킨,4,11.5,-1.2,0.0,맑음
2026-03-12,피자,2,11.5,-1.2,0.0,맑음
2026-03-13,분식,16,10.6,0.4,0.0,맑음
2026-03-13,일식,4,10.6,0.4,0.0,맑음
2026-03-13,중식,8,10.6,0.4,0.0,맑음
2026-03-13,치킨,8,10.6,0.4,0.0,맑음
2026-03-13,피자,4,10.6,0.4,0.0,맑음
2026-03-14,분식,12,11.3,2.3,0.0,맑음
2026-03-14,일식,16,11.3,2.3,0.0,맑음
2026-03-14,중식,14,11.3,2.3,0.0,맑음
2026-03-14,치킨,14,11.3,2.3,0.0,맑음
2026-03-14,피자,10,11.3,2.3,0.0,맑음
2026-03-15,분식,14,9.7,2.4,0.4,비
2026-03-15,일식,12,9.7,2.4,0.4,비
2026-03-15,중식,14,9.7,2.4,0.4,비
2026-03-15,치킨,12,9.7,2.4,0.4,비
2026-03-15,피자,8,9.7,2.4,0.4,비
2026-03-16,분식,12,11.4,-0.3,0.0,맑음
2026-03-16,일식,6,11.4,-0.3,0.0,맑음
2026-03-16,치킨,18,11.4,-0.3,0.0,맑음
2026-03-16,피자,8,11.4,-0.3,0.0,맑음
2026-03-17,분식,6,12.5,-1.5,0.0,맑음
2026-03-17,일식,6,12.5,-1.5,0.0,맑음
2026-03-17,중식,8,12.5,-1.5,0.0,맑음
2026-03-17,치킨,6,12.5,-1.5,0.0,맑음
2026-03-17,피자,6,12.5,-1.5,0.0,맑음
2026-03-18,분식,18,8.8,3.4,5.6,비
2026-03-18,일식,6,8.8,3.4,5.6,비
2026-03-18,중식,12,8.8,3.4,5.6,비
2026-03-18,치킨,22,8.8,3.4,5.6,비
2026-03-18,피자,8,8.8,3.4,5.6,비
2026-03-19,분식,14,10.5,-1.1,0.0,맑음
2026-03-19,일식,2,10.5,-1.1,0.0,맑음
2026-03-19,중식,6,10.5,-1.1,0.0,맑음
2026-03-19,치킨,10,10.5,-1.1,0.0,맑음
2026-03-19,피자,4,10.5,-1.1,0.0,맑음
2026-03-20,분식,8,11.5,-0.1,0.0,맑음
2026-03-20,중식,10,11.5,-0.1,0.0,맑음
2026-03-20,치킨,4,11.5,-0.1,0.0,맑음
2026-03-20,피자,16,11.5,-0.1,0.0,맑음
2026-03-21,분식,20,12.5,-0.5,0.0,맑음
2026-03-21,일식,10,12.5,-0.5,0.0,맑음
2026-03-21,중식,10,12.5,-0.5,0.0,맑음
2026-03-21,치킨,10,12.5,-0.5,0.0,맑음
2026-03-21,피자,8,12.5,-0.5,0.0,맑음
2026-03-22,분식,30,15.6,2.1,0.0,맑음
2026-03-22,일식,8,15.6,2.1,0.0,맑음
2026-03-22,중식,12,15.6,2.1,0.0,맑음
2026-03-22,치킨,12,15.6,2.1,0.0,맑음
2026-03-22,피자,6,15.6,2.1,0.0,맑음
2026-03-23,분식,16,17.1,2.2,0.0,맑음
2026-03-23,일식,6,17.1,2.2,0.0,맑음
2026-03-23,중식,8,17.1,2.2,0.0,맑음
2026-03-23,치킨,12,17.1,2.2,0.0,맑음
2026-03-23,피자,10,17.1,2.2,0.0,맑음
2026-03-24,분식,24,16.0,5.3,0.0,맑음
2026-03-24,일식,8,16.0,5.3,0.0,맑음
2026-03-24,중식,2,16.0,5.3,0.0,맑음
2026-03-24,치킨,12,16.0,5.3,0.0,맑음
2026-03-25,분식,8,17.9,6.0,0.0,맑음
2026-03-25,일식,12,17.9,6.0,0.0,맑음
2026-03-25,중식,12,17.9,6.0,0.0,맑음
2026-03-25,치킨,10,17.9,6.0,0.0,맑음
2026-03-25,피자,6,17.9,6.0,0.0,맑음
2026-03-26,분식,12,17.6,4.8,0.0,맑음
2026-03-26,일식,4,17.6,4.8,0.0,맑음
2026-03-26,중식,10,17.6,4.8,0.0,맑음
2026-03-26,치킨,18,17.6,4.8,0.0,맑음
2026-03-26,피자,4,17.6,4.8,0.0,맑음
2026-03-27,분식,8,16.8,4.8,0.0,맑음
2026-03-27,일식,2,16.8,4.8,0.0,맑음
2026-03-27,중식,10,16.8,4.8,0.0,맑음
2026-03-27,치킨,14,16.8,4.8,0.0,맑음
2026-03-27,피자,12,16.8,4.8,0.0,맑음
2026-03-28,분식,4,18.4,4.7,0.0,맑음
2026-03-28,일식,8,18.4,4.7,0.0,맑음
2026-03-28,중식,10,18.4,4.7,0.0,맑음
2026-03-28,치킨,20,18.4,4.7,0.0,맑음
2026-03-28,피자,8,18.4,4.7,0.0,맑음
2026-03-29,분식,28,18.6,5.1,0.0,맑음
2026-03-29,일식,14,18.6,5.1,0.0,맑음
2026-03-29,중식,10,18.6,5.1,0.0,맑음
2026-03-29,치킨,16,18.6,5.1,0.0,맑음
2026-03-29,피자,8,18.6,5.1,0.0,맑음
2026-03-30,분식,16,18.3,9.0,1.3,비
2026-03-30,일식,2,18.3,9.0,1.3,비
2026-03-30,중식,12,18.3,9.0,1.3,비
2026-03-30,치킨,24,18.3,9.0,1.3,비
2026-03-30,피자,8,18.3,9.0,1.3,비
2026-03-31,분식,30,17.5,9.4,7.5,비
2026-03-31,일식,4,17.5,9.4,7.5,비
2026-03-31,중식,14,17.5,9.4,7.5,비
2026-03-31,치킨,20,17.5,9.4,7.5,비
2026-03-31,피자,24,17.5,9.4,7.5,비
2026-04-01,분식,24,16.4,8.5,0.1,비
2026-04-01,일식,2,16.4,8.5,0.1,비
2026-04-01,중식,8,16.4,8.5,0.1,비
2026-04-01,치킨,22,16.4,8.5,0.1,비
2026-04-01,피자,2,16.4,8.5,0.1,비
2026-04-02,분식,18,16.0,4.7,0.0,맑음
2026-04-02,일식,6,16.0,4.7,0.0,맑음
2026-04-02,중식,10,16.0,4.7,0.0,맑음
2026-04-02,치킨,8,16.0,4.7,0.0,맑음
2026-04-02,피자,8,16.0,4.7,0.0,맑음
2026-04-03,분식,16,20.4,6.6,0.0,맑음
2026-04-03,일식,8,20.4,6.6,0.0,맑음
2026-04-03,중식,4,20.4,6.6,0.0,맑음
2026-04-03,치킨,10,20.4,6.6,0.0,맑음
2026-04-03,피자,2,20.4,6.6,0.0,맑음
2026-04-04,분식,22,19.4,9.8,2.0,비
2026-04-04,중식,6,19.4,9.8,2.0,비
2026-04-04,치킨,22,19.4,9.8,2.0,비
2026-04-04,피자,16,19.4,9.8,2.0,비
2026-04-05,분식,20,15.9,6.8,4.1,비
2026-04-05,일식,10,15.9,6.8,4.1,비
2026-04-05,중식,12,15.9,6.8,4.1,비
2026-04-05,치킨,28,15.9,6.8,4.1,비
2026-04-05,피자,8,15.9,6.8,4.1,비
2026-04-06,분식,22,13.1,5.5,3.6,비
2026-04-06,일식,4,13.1,5.5,3.6,비
2026-04-06,중식,14,13.1,5.5,3.6,비
2026-04-06,치킨,14,13.1,5.5,3.6,비
2026-04-06,피자,6,13.1,5.5,3.6,비
2026-04-07,분식,10,12.4,1.5,0.0,맑음
2026-04-07,일식,6,12.4,1.5,0.0,맑음
2026-04-07,중식,8,12.4,1.5,0.0,맑음
2026-04-07,치킨,20,12.4,1.5,0.0,맑음
2026-04-07,피자,18,12.4,1.5,0.0,맑음
2026-04-08,분식,10,14.7,2.1,0.0,맑음
2026-04-08,일식,8,14.7,2.1,0.0,맑음
2026-04-08,중식,4,14.7,2.1,0.0,맑음
2026-04-08,치킨,4,14.7,2.1,0.0,맑음
2026-04-08,피자,2,14.7,2.1,0.0,맑음
2026-04-09,분식,28,10.8,6.7,29.5,비
2026-04-09,일식,8,10.8,6.7,29.5,비
2026-04-09,중식,14,10.8,6.7,29.5,비
2026-04-09,치킨,18,10.8,6.7,29.5,비
2026-04-09,피자,20,10.8,6.7,29.5,비
2026-04-10,분식,26,11.5,7.5,6.8,비
2026-04-10,일식,4,11.5,7.5,6.8,비
2026-04-10,중식,14,11.5,7.5,6.8,비
2026-04-10,치킨,14,11.5,7.5,6.8,비
2026-04-10,피자,10,11.5,7.5,6.8,비
2026-04-11,분식,20,15.5,7.2,0.0,맑음
2026-04-11,일식,2,15.5,7.2,0.0,맑음
2026-04-11,중식,8,15.5,7.2,0.0,맑음
2026-04-11,치킨,16,15.5,7.2,0.0,맑음
2026-04-11,피자,6,15.5,7.2,0.0,맑음
2026-04-12,분식,14,20.6,4.6,0.0,맑음
2026-04-12,일식,16,20.6,4.6,0.0,맑음
2026-04-12,중식,10,20.6,4.6,0.0,맑음
2026-04-12,치킨,22,20.6,4.6,0.0,맑음
2026-04-12,피자,8,20.6,4.6,0.0,맑음
2026-04-13,분식,16,24.3,7.2,0.0,맑음
2026-04-13,일식,10,24.3,7.2,0.0,맑음
2026-04-13,중식,6,24.3,7.2,0.0,맑음
2026-04-13,치킨,8,24.3,7.2,0.0,맑음
2026-04-13,피자,14,24.3,7.2,0.0,맑음
2026-04-14,분식,10,24.8,10.7,0.0,맑음
2026-04-14,일식,10,24.8,10.7,0.0,맑음
2026-04-14,중식,10,24.8,10.7,0.0,맑음
2026-04-14,치킨,6,24.8,10.7,0.0,맑음
2026-04-14,피자,8,24.8,10.7,0.0,맑음
2026-04-15,분식,18,24.6,11.0,0.0,맑음
2026-04-15,일식,4,24.6,11.0,0.0,맑음
2026-04-15,중식,8,24.6,11.0,0.0,맑음
2026-04-15,치킨,16,24.6,11.0,0.0,맑음
2026-04-15,피자,10,24.6,11.0,0.0,맑음
2026-04-16,분식,8,25.4,9.9,0.0,맑음
2026-04-16,일식,6,25.4,9.9,0.0,맑음
2026-04-16,중식,4,25.4,9.9,0.0,맑음
2026-04-16,치킨,18,25.4,9.9,0.0,맑음
2026-04-16,피자,6,25.4,9.9,0.0,맑음
2026-04-17,분식,14,20.5,13.0,0.0,맑음
2026-04-17,일식,2,20.5,13.0,0.0,맑음
2026-04-17,중식,14,20.5,13.0,0.0,맑음
2026-04-17,치킨,12,20.5,13.0,0.0,맑음
2026-04-17,피자,2,20.5,13.0,0.0,맑음
2026-04-18,분식,14,26.4,9.4,0.0,맑음
2026-04-18,일식,4,26.4,9.4,0.0,맑음
2026-04-18,중식,6,26.4,9.4,0.0,맑음
2026-04-18,치킨,10,26.4,9.4,0.0,맑음
2026-04-18,피자,14,26.4,9.4,0.0,맑음
2026-04-19,분식,8,29.0,13.4,0.0,맑음
2026-04-19,일식,2,29.0,13.4,0.0,맑음
2026-04-19,중식,6,29.0,13.4,0.0,맑음
2026-04-19,치킨,12,29.0,13.4,0.0,맑음
2026-04-19,피자,16,29.0,13.4,0.0,맑음
2026-04-20,분식,8,16.4,8.4,2.4,비
2026-04-20,일식,2,16.4,8.4,2.4,비
2026-04-20,중식,12,16.4,8.4,2.4,비
2026-04-20,치킨,12,16.4,8.4,2.4,비
2026-04-20,피자,20,16.4,8.4,2.4,비
2026-04-21,분식,16,17.4,5.5,0.0,맑음
2026-04-21,일식,6,17.4,5.5,0.0,맑음
2026-04-21,중식,12,17.4,5.5,0.0,맑음
2026-04-21,치킨,4,17.4,5.5,0.0,맑음
2026-04-21,피자,4,17.4,5.5,0.0,맑음
2026-04-22,분식,10,18.9,9.0,0.0,맑음
2026-04-22,일식,12,18.9,9.0,0.0,맑음
2026-04-22,중식,12,18.9,9.0,0.0,맑음
2026-04-22,치킨,10,18.9,9.0,0.0,맑음
2026-04-22,피자,4,18.9,9.0,0.0,맑음
2026-04-23,분식,10,22.5,9.8,0.0,맑음
2026-04-23,일식,6,22.5,9.8,0.0,맑음
2026-04-23,중식,6,22.5,9.8,0.0,맑음
2026-04-23,치킨,10,22.5,9.8,0.0,맑음
2026-04-23,피자,4,22.5,9.8,0.0,맑음
2026-04-24,분식,16,25.6,8.2,0.0,맑음
2026-04-24,중식,4,25.6,8.2,0.0,맑음
2026-04-24,치킨,18,25.6,8.2,0.0,맑음
2026-04-24,피자,8,25.6,8.2,0.0,맑음
2026-04-25,분식,20,25.1,10.4,0.0,맑음
2026-04-25,일식,8,25.1,10.4,0.0,맑음
2026-04-25,중식,12,25.1,10.4,0.0,맑음
2026-04-25,치킨,18,25.1,10.4,0.0,맑음
2026-04-25,피자,14,25.1,10.4,0.0,맑음
2026-04-26,분식,10,23.7,9.2,0.0,맑음
2026-04-26,일식,6,23.7,9.2,0.0,맑음
2026-04-26,중식,14,23.7,9.2,0.0,맑음
2026-04-26,치킨,24,23.7,9.2,0.0,맑음
2026-04-26,피자,16,23.7,9.2,0.0,맑음
2026-04-27,분식,30,21.7,11.3,4.0,비
2026-04-27,일식,8,21.7,11.3,4.0,비
2026-04-27,중식,2,21.7,11.3,4.0,비
2026-04-27,치킨,18,21.7,11.3,4.0,비
2026-04-27,피자,14,21.7,11.3,4.0,비
2026-04-28,분식,14,15.5,10.5,0.5,비
2026-04-28,일식,6,15.5,10.5,0.5,비
2026-04-28,중식,4,15.5,10.5,0.5,비
2026-04-28,치킨,26,15.5,10.5,0.5,비
2026-04-28,피자,16,15.5,10.5,0.5,비
2026-04-29,분식,12,19.5,7.5,0.0,맑음
2026-04-29,일식,6,19.5,7.5,0.0,맑음
2026-04-29,중식,14,19.5,7.5,0.0,맑음
2026-04-29,치킨,22,19.5,7.5,0.0,맑음
2026-04-29,피자,8,19.5,7.5,0.0,맑음
2026-04-30,분식,14,22.0,9.6,0.0,맑음
2026-04-30,일식,6,22.0,9.6,0.0,맑음
2026-04-30,중식,4,22.0,9.6,0.0,맑음
2026-04-30,치킨,12,22.0,9.6,0.0,맑음
2026-04-30,피자,4,22.0,9.6,0.0,맑음
2026-05-01,분식,6,24.8,12.3,0.0,맑음
2026-05-01,일식,8,24.8,12.3,0.0,맑음
2026-05-01,중식,10,24.8,12.3,0.0,맑음
2026-05-01,치킨,10,24.8,12.3,0.0,맑음
2026-05-01,피자,6,24.8,12.3,0.0,맑음
2026-05-02,분식,28,22.3,12.1,1.1,비
2026-05-02,일식,10,22.3,12.1,1.1,비
2026-05-02,중식,18,22.3,12.1,1.1,비
2026-05-02,치킨,22,22.3,12.1,1.1,비
2026-05-02,피자,24,22.3,12.1,1.1,비
2026-05-03,분식,32,14.6,10.8,11.5,비
2026-05-03,일식,10,14.6,10.8,11.5,비
2026-05-03,중식,24,14.6,10.8,11.5,비
2026-05-03,치킨,12,14.6,10.8,11.5,비
2026-05-03,피자,16,14.6,10.8,11.5,비
2026-05-04,분식,14,19.3,8.1,0.7,비
2026-05-04,일식,4,19.3,8.1,0.7,비
2026-05-04,중식,10,19.3,8.1,0.7,비
2026-05-04,치킨,8,19.3,8.1,0.7,비
2026-05-04,피자,10,19.3,8.1,0.7,비
2026-05-05,분식,16,19.4,7.5,0.0,맑음
2026-05-05,일식,8,19.4,7.5,0.0,맑음
2026-05-05,중식,4,19.4,7.5,0.0,맑음
2026-05-05,치킨,14,19.4,7.5,0.0,맑음
2026-05-05,피자,2,19.4,7.5,0.0,맑음
2026-05-06,분식,16,22.8,9.0,0.0,맑음
2026-05-06,일식,2,22.8,9.0,0.0,맑음
2026-05-06,중식,6,22.8,9.0,0.0,맑음
2026-05-06,치킨,14,22.8,9.0,0.0,맑음
2026-05-06,피자,2,22.8,9.0,0.0,맑음
2026-05-07,분식,14,20.2,12.1,4.2,비
2026-05-07,일식,6,20.2,12.1,4.2,비
2026-05-07,중식,16,20.2,12.1,4.2,비
2026-05-07,치킨,12,20.2,12.1,4.2,비
2026-05-07,피자,16,20.2,12.1,4.2,비
2026-05-08,분식,16,19.6,10.1,0.0,맑음
2026-05-08,일식,6,19.6,10.1,0.0,맑음
2026-05-08,중식,8,19.6,10.1,0.0,맑음
2026-05-08,치킨,4,19.6,10.1,0.0,맑음
2026-05-08,피자,4,19.6,10.1,0.0,맑음
2026-05-09,분식,6,22.2,9.2,0.0,맑음
2026-05-09,일식,12,22.2,9.2,0.0,맑음
2026-05-09,중식,20,22.2,9.2,0.0,맑음
2026-05-09,치킨,14,22.2,9.2,0.0,맑음
2026-05-09,피자,8,22.2,9.2,0.0,맑음
2026-05-10,분식,28,24.1,10.5,0.0,맑음
2026-05-10,일식,8,24.1,10.5,0.0,맑음
2026-05-10,중식,2,24.1,10.5,0.0,맑음
2026-05-10,치킨,8,24.1,10.5,0.0,맑음
2026-05-10,피자,10,24.1,10.5,0.0,맑음
2026-05-11,분식,14,21.9,12.0,8.1,비
2026-05-11,일식,14,21.9,12.0,8.1,비
2026-05-11,중식,18,21.9,12.0,8.1,비
2026-05-11,치킨,10,21.9,12.0,8.1,비
2026-05-11,피자,2,21.9,12.0,8.1,비
2026-05-12,분식,14,24.7,14.7,1.2,비
2026-05-12,일식,6,24.7,14.7,1.2,비
2026-05-12,중식,14,24.7,14.7,1.2,비
2026-05-12,치킨,16,24.7,14.7,1.2,비
2026-05-12,피자,14,24.7,14.7,1.2,비
2026-05-13,분식,18,23.9,12.2,0.0,맑음
2026-05-13,일식,6,23.9,12.2,0.0,맑음
2026-05-13,중식,10,23.9,12.2,0.0,맑음
2026-05-13,치킨,12,23.9,12.2,0.0,맑음
2026-05-13,피자,6,23.9,12.2,0.0,맑음
2026-05-14,분식,16,31.3,13.7,0.0,맑음
2026-05-14,일식,6,31.3,13.7,0.0,맑음
2026-05-14,중식,6,31.3,13.7,0.0,맑음
2026-05-14,치킨,12,31.3,13.7,0.0,맑음
2026-05-14,피자,6,31.3,13.7,0.0,맑음
2026-05-15,분식,12,32.0,18.5,0.0,맑음
2026-05-15,일식,12,32.0,18.5,0.0,맑음
2026-05-15,중식,6,32.0,18.5,0.0,맑음
2026-05-15,치킨,4,32.0,18.5,0.0,맑음
2026-05-15,피자,2,32.0,18.5,0.0,맑음
2026-05-16,분식,12,30.0,18.3,0.0,맑음
2026-05-16,일식,8,30.0,18.3,0.0,맑음
2026-05-16,중식,4,30.0,18.3,0.0,맑음
2026-05-16,치킨,12,30.0,18.3,0.0,맑음
2026-05-16,피자,12,30.0,18.3,0.0,맑음
2026-05-17,분식,24,29.6,16.9,0.0,맑음
2026-05-17,일식,4,29.6,16.9,0.0,맑음
2026-05-17,중식,10,29.6,16.9,0.0,맑음
2026-05-17,치킨,18,29.6,16.9,0.0,맑음
2026-05-17,피자,22,29.6,16.9,0.0,맑음
2026-05-18,분식,6,29.9,16.5,0.0,맑음
2026-05-18,일식,8,29.9,16.5,0.0,맑음
2026-05-18,중식,16,29.9,16.5,0.0,맑음
2026-05-18,치킨,12,29.9,16.5,0.0,맑음
2026-05-18,피자,14,29.9,16.5,0.0,맑음
2026-05-19,분식,22,24.6,19.9,0.3,비
2026-05-19,일식,8,24.6,19.9,0.3,비
2026-05-19,중식,14,24.6,19.9,0.3,비
2026-05-19,치킨,22,24.6,19.9,0.3,비
2026-05-19,피자,4,24.6,19.9,0.3,비
2026-05-20,분식,26,21.9,15.3,49.0,비
2026-05-20,일식,8,21.9,15.3,49.0,비
2026-05-20,중식,6,21.9,15.3,49.0,비
2026-05-20,치킨,24,21.9,15.3,49.0,비
2026-05-20,피자,10,21.9,15.3,49.0,비
2026-05-21,분식,24,20.0,15.2,18.6,비
2026-05-21,일식,6,20.0,15.2,18.6,비
2026-05-21,중식,8,20.0,15.2,18.6,비
2026-05-21,치킨,32,20.0,15.2,18.6,비
2026-05-21,피자,20,20.0,15.2,18.6,비
2026-05-22,분식,20,25.1,14.9,0.0,맑음
2026-05-22,일식,6,25.1,14.9,0.0,맑음
2026-05-22,중식,10,25.1,14.9,0.0,맑음
2026-05-22,치킨,4,25.1,14.9,0.0,맑음
2026-05-22,피자,10,25.1,14.9,0.0,맑음
2026-05-23,분식,36,22.2,13.9,0.3,비
2026-05-23,일식,14,22.2,13.9,0.3,비
2026-05-23,중식,14,22.2,13.9,0.3,비
2026-05-23,치킨,16,22.2,13.9,0.3,비
2026-05-23,피자,16,22.2,13.9,0.3,비
2026-05-24,분식,18,26.7,14.3,0.0,맑음
2026-05-24,일식,10,26.7,14.3,0.0,맑음
2026-05-24,중식,2,26.7,14.3,0.0,맑음
2026-05-24,치킨,10,26.7,14.3,0.0,맑음
2026-05-24,피자,12,26.7,14.3,0.0,맑음
2026-05-25,분식,14,28.8,17.1,0.0,맑음
2026-05-25,일식,6,28.8,17.1,0.0,맑음
2026-05-25,중식,8,28.8,17.1,0.0,맑음
2026-05-25,치킨,16,28.8,17.1,0.0,맑음
2026-05-25,피자,10,28.8,17.1,0.0,맑음
2026-05-26,분식,42,27.6,20.5,3.4,비
2026-05-26,일식,6,27.6,20.5,3.4,비
2026-05-26,중식,18,27.6,20.5,3.4,비
2026-05-26,치킨,14,27.6,20.5,3.4,비
2026-05-26,피자,4,27.6,20.5,3.4,비
2026-05-27,분식,26,24.3,19.1,11.7,비
2026-05-27,일식,8,24.3,19.1,11.7,비
2026-05-27,중식,4,24.3,19.1,11.7,비
2026-05-27,치킨,12,24.3,19.1,11.7,비
2026-05-27,피자,10,24.3,19.1,11.7,비
2026-05-28,분식,14,25.6,17.0,2.0,비
2026-05-28,일식,6,25.6,17.0,2.0,비
2026-05-28,중식,8,25.6,17.0,2.0,비
2026-05-28,치킨,14,25.6,17.0,2.0,비
2026-05-28,피자,16,25.6,17.0,2.0,비
2026-05-29,분식,16,26.0,16.4,0.0,맑음
2026-05-29,일식,10,26.0,16.4,0.0,맑음
2026-05-29,중식,6,26.0,16.4,0.0,맑음
2026-05-29,치킨,16,26.0,16.4,0.0,맑음
2026-05-29,피자,6,26.0,16.4,0.0,맑음
2026-05-30,분식,24,26.9,15.2,0.0,맑음
2026-05-30,일식,6,26.9,15.2,0.0,맑음
2026-05-30,중식,10,26.9,15.2,0.0,맑음
2026-05-30,치킨,20,26.9,15.2,0.0,맑음
2026-05-30,피자,4,26.9,15.2,0.0,맑음
2026-05-31,분식,20,29.5,16.2,0.0,맑음
2026-05-31,일식,8,29.5,16.2,0.0,맑음
2026-05-31,중식,4,29.5,16.2,0.0,맑음
2026-05-31,치킨,10,29.5,16.2,0.0,맑음
2026-05-31,피자,12,29.5,16.2,0.0,맑음
2026-06-01,분식,12,28.1,17.4,0.0,맑음
2026-06-01,일식,6,28.1,17.4,0.0,맑음
2026-06-01,중식,4,28.1,17.4,0.0,맑음
2026-06-01,치킨,14,28.1,17.4,0.0,맑음
2026-06-01,피자,4,28.1,17.4,0.0,맑음
2026-06-02,분식,6,32.4,17.9,0.0,맑음
2026-06-02,일식,2,32.4,17.9,0.0,맑음
2026-06-02,중식,8,32.4,17.9,0.0,맑음
2026-06-02,치킨,18,32.4,17.9,0.0,맑음
2026-06-02,피자,12,32.4,17.9,0.0,맑음
2026-06-03,분식,20,32.0,20.5,0.2,비
2026-06-03,일식,8,32.0,20.5,0.2,비
2026-06-03,중식,12,32.0,20.5,0.2,비
2026-06-03,치킨,20,32.0,20.5,0.2,비
2026-06-03,피자,6,32.0,20.5,0.2,비
2026-06-04,분식,30,28.8,19.5,18.1,비
2026-06-04,일식,12,28.8,19.5,18.1,비
2026-06-04,중식,10,28.8,19.5,18.1,비
2026-06-04,치킨,42,28.8,19.5,18.1,비
2026-06-04,피자,10,28.8,19.5,18.1,비
2026-06-05,분식,12,25.0,15.9,0.9,비
2026-06-05,일식,6,25.0,15.9,0.9,비
2026-06-05,중식,14,25.0,15.9,0.9,비
2026-06-05,치킨,14,25.0,15.9,0.9,비
2026-06-05,피자,12,25.0,15.9,0.9,비
2026-06-06,분식,18,28.2,15.1,0.0,맑음
2026-06-06,일식,12,28.2,15.1,0.0,맑음
2026-06-06,중식,8,28.2,15.1,0.0,맑음
2026-06-06,치킨,6,28.2,15.1,0.0,맑음
2026-06-06,피자,12,28.2,15.1,0.0,맑음
2026-06-07,분식,22,24.8,19.3,2.1,비
2026-06-07,일식,14,24.8,19.3,2.1,비
2026-06-07,중식,8,24.8,19.3,2.1,비
2026-06-07,치킨,34,24.8,19.3,2.1,비
2026-06-07,피자,16,24.8,19.3,2.1,비
2026-06-08,분식,20,26.8,16.4,0.8,비
2026-06-08,일식,14,26.8,16.4,0.8,비
2026-06-08,중식,8,26.8,16.4,0.8,비
2026-06-08,치킨,6,26.8,16.4,0.8,비
2026-06-08,피자,4,26.8,16.4,0.8,비
2026-06-09,분식,24,28.7,16.4,0.0,맑음
2026-06-09,일식,6,28.7,16.4,0.0,맑음
2026-06-09,중식,14,28.7,16.4,0.0,맑음
2026-06-09,치킨,6,28.7,16.4,0.0,맑음
2026-06-09,피자,12,28.7,16.4,0.0,맑음
2026-06-10,분식,18,26.3,15.1,3.7,비
2026-06-10,일식,4,26.3,15.1,3.7,비
2026-06-10,중식,10,26.3,15.1,3.7,비
2026-06-10,치킨,10,26.3,15.1,3.7,비
2026-06-10,피자,8,26.3,15.1,3.7,비
2026-06-11,분식,24,25.8,16.4,0.7,비
2026-06-11,일식,6,25.8,16.4,0.7,비
2026-06-11,중식,4,25.8,16.4,0.7,비
2026-06-11,치킨,20,25.8,16.4,0.7,비
2026-06-11,피자,16,25.8,16.4,0.7,비
2026-06-12,분식,16,27.3,16.9,0.1,비
2026-06-12,일식,2,27.3,16.9,0.1,비
2026-06-12,중식,4,27.3,16.9,0.1,비
2026-06-12,치킨,24,27.3,16.9,0.1,비
2026-06-12,피자,12,27.3,16.9,0.1,비
2026-06-13,분식,16,32.1,16.9,0.0,맑음
2026-06-13,일식,12,32.1,16.9,0.0,맑음
2026-06-13,중식,18,32.1,16.9,0.0,맑음
2026-06-13,치킨,16,32.1,16.9,0.0,맑음
2026-06-13,피자,14,32.1,16.9,0.0,맑음
2026-06-14,분식,30,30.4,20.4,1.6,비
2026-06-14,중식,20,30.4,20.4,1.6,비
2026-06-14,치킨,22,30.4,20.4,1.6,비
2026-06-14,피자,22,30.4,20.4,1.6,비
2026-06-15,분식,28,33.3,18.5,0.4,비
2026-06-15,중식,12,33.3,18.5,0.4,비
2026-06-15,치킨,24,33.3,18.5,0.4,비
2026-06-15,피자,8,33.3,18.5,0.4,비
2026-06-16,분식,40,33.8,22.2,0.5,비
2026-06-16,일식,2,33.8,22.2,0.5,비
2026-06-16,중식,14,33.8,22.2,0.5,비
2026-06-16,치킨,16,33.8,22.2,0.5,비
2026-06-16,피자,14,33.8,22.2,0.5,비
2026-06-17,분식,16,32.9,22.7,1.5,비
2026-06-17,일식,6,32.9,22.7,1.5,비
2026-06-17,중식,24,32.9,22.7,1.5,비
2026-06-17,치킨,10,32.9,22.7,1.5,비
2026-06-17,피자,12,32.9,22.7,1.5,비
2026-06-18,분식,14,32.6,21.8,1.5,비
2026-06-18,일식,8,32.6,21.8,1.5,비
2026-06-18,중식,30,32.6,21.8,1.5,비
2026-06-18,치킨,8,32.6,21.8,1.5,비
2026-06-18,피자,8,32.6,21.8,1.5,비
2026-06-19,분식,26,34.2,22.3,9.0,비
2026-06-19,일식,10,34.2,22.3,9.0,비
2026-06-19,중식,10,34.2,22.3,9.0,비
2026-06-19,치킨,22,34.2,22.3,9.0,비
2026-06-19,피자,8,34.2,22.3,9.0,비
2026-06-20,분식,22,23.4,20.5,56.3,비
2026-06-20,일식,20,23.4,20.5,56.3,비
2026-06-20,중식,16,23.4,20.5,56.3,비
2026-06-20,치킨,44,23.4,20.5,56.3,비
2026-06-20,피자,22,23.4,20.5,56.3,비
2026-06-21,분식,12,26.6,19.4,0.2,비
2026-06-21,일식,6,26.6,19.4,0.2,비
2026-06-21,중식,12,26.6,19.4,0.2,비
2026-06-21,치킨,18,26.6,19.4,0.2,비
2026-06-21,피자,8,26.6,19.4,0.2,비
2026-06-22,분식,14,26.2,20.9,2.4,비
2026-06-22,일식,16,26.2,20.9,2.4,비
2026-06-22,중식,18,26.2,20.9,2.4,비
2026-06-22,치킨,16,26.2,20.9,2.4,비
2026-06-22,피자,6,26.2,20.9,2.4,비
2026-06-23,분식,28,28.9,19.6,0.6,비
2026-06-23,일식,12,28.9,19.6,0.6,비
2026-06-23,중식,16,28.9,19.6,0.6,비
2026-06-23,치킨,20,28.9,19.6,0.6,비
2026-06-23,피자,8,28.9,19.6,0.6,비
2026-06-24,분식,8,27.3,17.4,0.0,맑음
2026-06-24,일식,12,27.3,17.4,0.0,맑음
2026-06-24,중식,10,27.3,17.4,0.0,맑음
2026-06-24,치킨,2,27.3,17.4,0.0,맑음
2026-06-24,피자,10,27.3,17.4,0.0,맑음
2026-06-25,분식,24,24.0,18.8,0.7,비
2026-06-25,일식,6,24.0,18.8,0.7,비
2026-06-25,중식,8,24.0,18.8,0.7,비
2026-06-25,치킨,18,24.0,18.8,0.7,비
2026-06-25,피자,10,24.0,18.8,0.7,비
2026-06-26,분식,16,28.3,17.0,0.3,비
2026-06-26,일식,4,28.3,17.0,0.3,비
2026-06-26,중식,8,28.3,17.0,0.3,비
2026-06-26,치킨,16,28.3,17.0,0.3,비
2026-06-26,피자,4,28.3,17.0,0.3,비
2026-06-27,분식,16,32.6,20.0,0.0,맑음
2026-06-27,일식,2,32.6,20.0,0.0,맑음
2026-06-27,중식,8,32.6,20.0,0.0,맑음
2026-06-27,치킨,12,32.6,20.0,0.0,맑음
2026-06-27,피자,6,32.6,20.0,0.0,맑음
2026-06-28,분식,22,31.7,22.3,1.5,비
2026-06-28,일식,10,31.7,22.3,1.5,비
2026-06-28,중식,10,31.7,22.3,1.5,비
2026-06-28,치킨,26,31.7,22.3,1.5,비
2026-06-28,피자,18,31.7,22.3,1.5,비
2026-06-29,분식,22,32.3,21.1,2.4,비
2026-06-29,일식,4,32.3,21.1,2.4,비
2026-06-29,중식,6,32.3,21.1,2.4,비
2026-06-29,치킨,24,32.3,21.1,2.4,비
2026-06-29,피자,12,32.3,21.1,2.4,비
2026-06-30,분식,28,32.7,22.5,1.0,비
2026-06-30,일식,4,32.7,22.5,1.0,비
2026-06-30,중식,22,32.7,22.5,1.0,비
2026-06-30,치킨,12,32.7,22.5,1.0,비
2026-06-30,피자,22,32.7,22.5,1.0,비
2026-07-01,분식,24,32.3,21.9,2.8,비
2026-07-01,중식,12,32.3,21.9,2.8,비
2026-07-01,치킨,18,32.3,21.9,2.8,비
2026-07-01,피자,10,32.3,21.9,2.8,비
2026-07-02,분식,18,27.9,21.4,9.9,비
2026-07-02,일식,14,27.9,21.4,9.9,비
2026-07-02,중식,6,27.9,21.4,9.9,비
2026-07-02,치킨,18,27.9,21.4,9.9,비
2026-07-02,피자,24,27.9,21.4,9.9,비
2026-07-03,분식,18,29.3,21.7,3.6,비
2026-07-03,일식,8,29.3,21.7,3.6,비
2026-07-03,중식,10,29.3,21.7,3.6,비
2026-07-03,치킨,28,29.3,21.7,3.6,비
2026-07-03,피자,12,29.3,21.7,3.6,비
2026-07-04,분식,26,31.3,22.3,0.5,비
2026-07-04,일식,18,31.3,22.3,0.5,비
2026-07-04,중식,18,31.3,22.3,0.5,비
2026-07-04,치킨,26,31.3,22.3,0.5,비
2026-07-04,피자,12,31.3,22.3,0.5,비
2026-07-05,분식,22,30.5,22.6,23.1,비
2026-07-05,일식,14,30.5,22.6,23.1,비
2026-07-05,중식,20,30.5,22.6,23.1,비
2026-07-05,치킨,40,30.5,22.6,23.1,비
2026-07-05,피자,22,30.5,22.6,23.1,비
2026-07-06,분식,18,29.0,22.7,19.5,비
2026-07-06,일식,14,29.0,22.7,19.5,비
2026-07-06,중식,14,29.0,22.7,19.5,비
2026-07-06,치킨,22,29.0,22.7,19.5,비
2026-07-06,피자,16,29.0,22.7,19.5,비
2026-07-07,분식,24,29.6,22.9,8.4,비
2026-07-07,중식,16,29.6,22.9,8.4,비
2026-07-07,치킨,14,29.6,22.9,8.4,비
2026-07-07,피자,8,29.6,22.9,8.4,비
2026-07-08,분식,32,27.5,23.2,22.8,비
2026-07-08,일식,6,27.5,23.2,22.8,비
2026-07-08,중식,12,27.5,23.2,22.8,비
2026-07-08,치킨,20,27.5,23.2,22.8,비
2026-07-08,피자,14,27.5,23.2,22.8,비
2026-07-09,분식,30,25.9,22.9,15.4,비
2026-07-09,일식,8,25.9,22.9,15.4,비
2026-07-09,중식,24,25.9,22.9,15.4,비
2026-07-09,치킨,26,25.9,22.9,15.4,비
2026-07-09,피자,6,25.9,22.9,15.4,비
2026-07-10,분식,20,27.8,22.1,35.6,비
2026-07-10,일식,6,27.8,22.1,35.6,비
2026-07-10,중식,18,27.8,22.1,35.6,비
2026-07-10,치킨,24,27.8,22.1,35.6,비
2026-07-10,피자,20,27.8,22.1,35.6,비
2026-07-11,분식,22,32.1,23.6,0.1,비
2026-07-11,일식,4,32.1,23.6,0.1,비
2026-07-11,중식,6,32.1,23.6,0.1,비
2026-07-11,치킨,30,32.1,23.6,0.1,비
2026-07-11,피자,16,32.1,23.6,0.1,비
2026-07-12,분식,22,34.0,24.8,0.4,비
2026-07-12,일식,4,34.0,24.8,0.4,비
2026-07-12,중식,12,34.0,24.8,0.4,비
2026-07-12,치킨,24,34.0,24.8,0.4,비
2026-07-12,피자,12,34.0,24.8,0.4,비
2026-07-13,분식,26,32.4,25.9,3.1,비
2026-07-13,일식,8,32.4,25.9,3.1,비
2026-07-13,중식,8,32.4,25.9,3.1,비
2026-07-13,치킨,10,32.4,25.9,3.1,비
2026-07-13,피자,22,32.4,25.9,3.1,비
2026-07-14,분식,36,32.4,25.3,45.6,비
2026-07-14,일식,6,32.4,25.3,45.6,비
2026-07-14,중식,12,32.4,25.3,45.6,비
2026-07-14,치킨,18,32.4,25.3,45.6,비
2026-07-14,피자,18,32.4,25.3,45.6,비
2026-07-15,분식,30,26.9,23.1,8.5,비
2026-07-15,일식,4,26.9,23.1,8.5,비
2026-07-15,중식,14,26.9,23.1,8.5,비
2026-07-15,치킨,24,26.9,23.1,8.5,비
2026-07-15,피자,8,26.9,23.1,8.5,비
2026-07-16,분식,18,29.8,21.7,0.2,비
2026-07-16,일식,10,29.8,21.7,0.2,비
2026-07-16,중식,12,29.8,21.7,0.2,비
2026-07-16,치킨,16,29.8,21.7,0.2,비
2026-07-16,피자,12,29.8,21.7,0.2,비
2026-07-17,분식,16,30.5,23.3,7.9,비
2026-07-17,일식,4,30.5,23.3,7.9,비
2026-07-17,중식,10,30.5,23.3,7.9,비
2026-07-17,치킨,20,30.5,23.3,7.9,비
2026-07-17,피자,12,30.5,23.3,7.9,비
2026-07-18,분식,30,27.7,19.7,58.2,비
2026-07-18,일식,2,27.7,19.7,58.2,비
2026-07-18,중식,14,27.7,19.7,58.2,비
2026-07-18,치킨,42,27.7,19.7,58.2,비
2026-07-18,피자,24,27.7,19.7,58.2,비
2026-07-19,분식,34,28.6,22.7,1.0,비
2026-07-19,일식,10,28.6,22.7,1.0,비
2026-07-19,중식,14,28.6,22.7,1.0,비
2026-07-19,치킨,28,28.6,22.7,1.0,비
2026-07-19,피자,16,28.6,22.7,1.0,비
2026-07-20,분식,26,26.3,23.1,24.2,비
2026-07-20,일식,10,26.3,23.1,24.2,비
2026-07-20,중식,16,26.3,23.1,24.2,비
2026-07-20,치킨,24,26.3,23.1,24.2,비
2026-07-20,피자,26,26.3,23.1,24.2,비
2026-07-21,분식,38,26.2,24.2,25.1,비
2026-07-21,일식,12,26.2,24.2,25.1,비
2026-07-21,중식,10,26.2,24.2,25.1,비
2026-07-21,치킨,22,26.2,24.2,25.1,비
2026-07-21,피자,18,26.2,24.2,25.1,비
2026-07-22,분식,40,29.1,23.3,11.5,비
2026-07-22,일식,6,29.1,23.3,11.5,비
2026-07-22,중식,14,29.1,23.3,11.5,비
2026-07-22,치킨,22,29.1,23.3,11.5,비
2026-07-22,피자,10,29.1,23.3,11.5,비
2026-07-23,분식,14,27.8,23.8,50.8,비
2026-07-23,일식,10,27.8,23.8,50.8,비
2026-07-23,중식,6,27.8,23.8,50.8,비
2026-07-23,치킨,28,27.8,23.8,50.8,비
2026-07-23,피자,22,27.8,23.8,50.8,비
2026-07-24,분식,20,31.4,24.3,2.1,비
2026-07-24,일식,6,31.4,24.3,2.1,비
2026-07-24,중식,8,31.4,24.3,2.1,비
2026-07-24,치킨,16,31.4,24.3,2.1,비
2026-07-24,피자,6,31.4,24.3,2.1,비
2026-07-25,분식,48,30.3,24.9,3.6,비
2026-07-25,일식,2,30.3,24.9,3.6,비
2026-07-25,중식,10,30.3,24.9,3.6,비
2026-07-25,치킨,22,30.3,24.9,3.6,비
2026-07-25,피자,16,30.3,24.9,3.6,비
2026-07-26,분식,24,29.9,24.7,9.6,비
2026-07-26,일식,8,29.9,24.7,9.6,비
2026-07-26,중식,30,29.9,24.7,9.6,비
2026-07-26,치킨,20,29.9,24.7,9.6,비
2026-07-26,피자,8,29.9,24.7,9.6,비
2026-07-27,분식,22,29.9,23.4,6.8,비
2026-07-27,일식,8,29.9,23.4,6.8,비
2026-07-27,중식,6,29.9,23.4,6.8,비
2026-07-27,치킨,34,29.9,23.4,6.8,비
2026-07-27,피자,14,29.9,23.4,6.8,비
2026-07-28,분식,20,31.1,25.1,3.4,비
2026-07-28,일식,10,31.1,25.1,3.4,비
2026-07-28,중식,4,31.1,25.1,3.4,비
2026-07-28,치킨,22,31.1,25.1,3.4,비
2026-07-28,피자,12,31.1,25.1,3.4,비
2026-07-29,분식,10,31.6,25.1,0.3,비
2026-07-29,일식,12,31.6,25.1,0.3,비
2026-07-29,중식,2,31.6,25.1,0.3,비
2026-07-29,치킨,22,31.6,25.1,0.3,비
2026-07-29,피자,10,31.6,25.1,0.3,비
2026-07-30,분식,30,31.1,24.6,0.4,비
2026-07-30,일식,4,31.1,24.6,0.4,비
2026-07-30,중식,10,31.1,24.6,0.4,비
2026-07-30,치킨,22,31.1,24.6,0.4,비
2026-07-30,피자,8,31.1,24.6,0.4,비
2026-07-31,분식,20,32.1,24.6,1.4,비
2026-07-31,일식,4,32.1,24.6,1.4,비
2026-07-31,중식,6,32.1,24.6,1.4,비
2026-07-31,치킨,24,32.1,24.6,1.4,비
2026-07-31,피자,14,32.1,24.6,1.4,비
2026-08-01,분식,31,32.8,26.1,2.2,비
2026-08-01,일식,18,32.8,26.1,2.2,비
2026-08-01,중식,6,32.8,26.1,2.2,비
2026-08-01,치킨,22,32.8,26.1,2.2,비
2026-08-01,피자,26,32.8,26.1,2.2,비
2026-08-02,분식,22,34.1,26.3,0.0,맑음
2026-08-02,일식,12,34.1,26.3,0.0,맑음
2026-08-02,중식,14,34.1,26.3,0.0,맑음
2026-08-02,치킨,25,34.1,26.3,0.0,맑음
2026-08-02,피자,8,34.1,26.3,0.0,맑음
2026-08-03,분식,26,37.2,25.3,0.1,비
2026-08-03,일식,4,37.2,25.3,0.1,비
2026-08-03,중식,8,37.2,25.3,0.1,비
2026-08-03,치킨,22,37.2,25.3,0.1,비
2026-08-03,피자,15,37.2,25.3,0.1,비
2026-08-04,분식,22,36.6,28.7,2.7,비
2026-08-04,일식,10,36.6,28.7,2.7,비
2026-08-04,중식,15,36.6,28.7,2.7,비
2026-08-04,치킨,16,36.6,28.7,2.7,비
2026-08-04,피자,12,36.6,28.7,2.7,비
2026-08-05,분식,38,37.5,26.8,5.7,비
2026-08-05,일식,12,37.5,26.8,5.7,비
2026-08-05,중식,25,37.5,26.8,5.7,비
2026-08-05,치킨,18,37.5,26.8,5.7,비
2026-08-05,피자,10,37.5,26.8,5.7,비
2026-08-06,분식,8,38.6,28.8,0.0,맑음
2026-08-06,일식,7,38.6,28.8,0.0,맑음
2026-08-06,중식,20,38.6,28.8,0.0,맑음
2026-08-06,치킨,8,38.6,28.8,0.0,맑음
2026-08-06,피자,8,38.6,28.8,0.0,맑음
2026-08-07,분식,28,38.4,29.4,0.6,비
2026-08-07,일식,10,38.4,29.4,0.6,비
2026-08-07,중식,19,38.4,29.4,0.6,비
2026-08-07,치킨,12,38.4,29.4,0.6,비
2026-08-07,피자,10,38.4,29.4,0.6,비
2026-08-08,분식,46,34.2,25.2,12.7,비
2026-08-08,일식,2,34.2,25.2,12.7,비
2026-08-08,중식,10,34.2,25.2,12.7,비
2026-08-08,치킨,40,34.2,25.2,12.7,비
2026-08-08,피자,16,34.2,25.2,12.7,비
2026-08-09,분식,30,32.7,23.8,0.2,비
2026-08-09,일식,12,32.7,23.8,0.2,비
2026-08-09,중식,10,32.7,23.8,0.2,비
2026-08-09,치킨,34,32.7,23.8,0.2,비
2026-08-09,피자,6,32.7,23.8,0.2,비
2026-08-10,분식,22,34.2,21.9,2.4,비
2026-08-10,일식,4,34.2,21.9,2.4,비
2026-08-10,중식,12,34.2,21.9,2.4,비
2026-08-10,치킨,35,34.2,21.9,2.4,비
2026-08-10,피자,5,34.2,21.9,2.4,비
2026-08-11,분식,8,33.6,23.3,0.0,맑음
2026-08-11,일식,4,33.6,23.3,0.0,맑음
2026-08-11,중식,12,33.6,23.3,0.0,맑음
2026-08-11,치킨,8,33.6,23.3,0.0,맑음
2026-08-11,피자,14,33.6,23.3,0.0,맑음
2026-08-12,분식,18,32.0,21.2,0.0,맑음
2026-08-12,중식,20,32.0,21.2,0.0,맑음
2026-08-12,치킨,4,32.0,21.2,0.0,맑음
2026-08-12,피자,6,32.0,21.2,0.0,맑음
2026-08-13,분식,22,32.3,22.4,0.9,비
2026-08-13,일식,4,32.3,22.4,0.9,비
2026-08-13,중식,10,32.3,22.4,0.9,비
2026-08-13,치킨,16,32.3,22.4,0.9,비
2026-08-13,피자,6,32.3,22.4,0.9,비
2026-08-14,분식,12,31.6,24.2,3.9,비
2026-08-14,일식,10,31.6,24.2,3.9,비
2026-08-14,중식,12,31.6,24.2,3.9,비
2026-08-14,치킨,18,31.6,24.2,3.9,비
2026-08-14,피자,12,31.6,24.2,3.9,비
2026-08-15,분식,30,27.3,23.6,14.2,비
2026-08-15,일식,12,27.3,23.6,14.2,비
2026-08-15,중식,12,27.3,23.6,14.2,비
2026-08-15,치킨,20,27.3,23.6,14.2,비
2026-08-15,피자,18,27.3,23.6,14.2,비
2026-08-16,분식,28,26.8,23.1,7.6,비
2026-08-16,일식,12,26.8,23.1,7.6,비
2026-08-16,중식,26,26.8,23.1,7.6,비
2026-08-16,치킨,28,26.8,23.1,7.6,비
2026-08-16,피자,12,26.8,23.1,7.6,비
2026-08-17,분식,34,28.9,23.1,11.7,비
2026-08-17,일식,12,28.9,23.1,11.7,비
2026-08-17,중식,6,28.9,23.1,11.7,비
2026-08-17,치킨,31,28.9,23.1,11.7,비
2026-08-17,피자,11,28.9,23.1,11.7,비
2026-08-18,분식,30,30.9,23.2,0.9,비
2026-08-18,일식,1,30.9,23.2,0.9,비
2026-08-18,중식,11,30.9,23.2,0.9,비
2026-08-18,치킨,28,30.9,23.2,0.9,비
2026-08-18,피자,10,30.9,23.2,0.9,비
2026-08-19,분식,16,30.0,23.7,0.7,비
2026-08-19,일식,5,30.0,23.7,0.7,비
2026-08-19,중식,7,30.0,23.7,0.7,비
2026-08-19,치킨,12,30.0,23.7,0.7,비
2026-08-19,피자,8,30.0,23.7,0.7,비
2026-08-20,분식,31,30.3,24.2,6.7,비
2026-08-20,일식,8,30.3,24.2,6.7,비
2026-08-20,중식,8,30.3,24.2,6.7,비
2026-08-20,치킨,37,30.3,24.2,6.7,비
2026-08-20,피자,16,30.3,24.2,6.7,비
2026-08-21,분식,26,27.2,22.3,29.0,비
2026-08-21,일식,6,27.2,22.3,29.0,비
2026-08-21,중식,15,27.2,22.3,29.0,비
2026-08-21,치킨,28,27.2,22.3,29.0,비
2026-08-21,피자,19,27.2,22.3,29.0,비
2026-08-22,분식,45,27.4,22.8,45.5,비
2026-08-22,일식,23,27.4,22.8,45.5,비
2026-08-22,중식,26,27.4,22.8,45.5,비
2026-08-22,치킨,30,27.4,22.8,45.5,비
2026-08-22,피자,12,27.4,22.8,45.5,비
2026-08-23,분식,30,32.1,22.5,9.2,비
2026-08-23,일식,15,32.1,22.5,9.2,비
2026-08-23,중식,20,32.1,22.5,9.2,비
2026-08-23,치킨,42,32.1,22.5,9.2,비
2026-08-23,피자,20,32.1,22.5,9.2,비
2026-08-24,분식,31,31.4,24.6,0.5,비
2026-08-24,일식,7,31.4,24.6,0.5,비
2026-08-24,중식,8,31.4,24.6,0.5,비
2026-08-24,치킨,18,31.4,24.6,0.5,비
2026-08-24,피자,10,31.4,24.6,0.5,비
2026-08-25,분식,24,31.2,24.2,9.7,비
2026-08-25,일식,4,31.2,24.2,9.7,비
2026-08-25,중식,10,31.2,24.2,9.7,비
2026-08-25,치킨,24,31.2,24.2,9.7,비
2026-08-25,피자,16,31.2,24.2,9.7,비
2026-08-26,분식,22,29.7,24.6,0.3,비
2026-08-26,일식,13,29.7,24.6,0.3,비
2026-08-26,중식,8,29.7,24.6,0.3,비
2026-08-26,치킨,10,29.7,24.6,0.3,비
2026-08-26,피자,8,29.7,24.6,0.3,비
2026-08-27,분식,21,30.5,24.5,3.8,비
2026-08-27,일식,11,30.5,24.5,3.8,비
2026-08-27,중식,6,30.5,24.5,3.8,비
2026-08-27,치킨,22,30.5,24.5,3.8,비
2026-08-27,피자,6,30.5,24.5,3.8,비
2026-08-28,치킨,2,29.3,24.4,8.7,비
2026-08-28,피자,1,29.3,24.4,8.7,비
2026-08-29,치킨,2,29.7,24.2,2.1,비
2026-08-29,피자,1,29.7,24.2,2.1,비
2026-08-30,치킨,1,27.3,22.2,2.2,비
2026-08-30,피자,2,27.3,22.2,2.2,비
2026-09-01,치킨,1,24.4,22.4,29.2,비
2026-09-02,치킨,3,28.0,21.9,0.3,비
2026-09-02,피자,1,28.0,21.9,0.3,비
