movie_id,title,release_date,vote_average,vote_count,popularity
27205,인셉션,2010-07-15,8.372,40069,52.8718
24428,어벤져스,2012-04-25,8.073,39563,78.0689
155,다크 나이트,2008-07-16,8.534,36586,60.9409
19995,아바타,2009-12-16,7.609,34578,41.9692
293660,데드풀,2016-02-09,7.625,33227,27.8876
299536,어벤져스: 인피니티 워,2018-04-25,8.242,32781,80.6045
118340,가디언즈 오브 갤럭시,2014-07-30,7.907,30229,17.8689
1726,아이언맨,2008-04-30,7.664,28727,43.116
603,매트릭스,1999-03-31,8.3,28630,45.582
299534,어벤져스: 엔드게임,2019-04-24,8.241,28532,61.1958
120,반지의 제왕: 반지 원정대,2001-12-18,8.444,28266,46.2802
122,반지의 제왕: 왕의 귀환,2003-12-17,8.506,27249,46.9148
99861,어벤져스: 에이지 오브 울트론,2015-04-22,7.277,24951,47.8994
49026,다크 나이트 라이즈,2012-07-17,7.797,24856,34.0979
76341,매드 맥스: 분노의 도로,2015-05-13,7.637,24527,40.7641
271110,캡틴 아메리카: 시빌 워,2016-04-27,7.453,24502,39.4546
121,반지의 제왕: 두 개의 탑,2002-12-18,8.428,24490,35.0624
284054,블랙 팬서,2018-02-13,7.362,23902,26.0239
284052,닥터 스트레인지,2016-10-25,7.425,23840,26.0032
68721,아이언맨 3,2013-04-18,6.932,23819,28.1905
315635,스파이더맨: 홈커밍,2017-07-05,7.333,23818,56.4599
70160,헝거게임: 판엠의 불꽃,2012-03-12,7.222,23658,14.3711
283995,가디언즈 오브 갤럭시 Vol. 2,2017-04-25,7.609,23370,27.2083
1771,퍼스트 어벤져,2011-07-22,7.01,23170,18.2288
272,배트맨 비긴즈,2005-06-10,7.73,23092,27.5106
634649,스파이더맨: 노 웨이 홈,2021-12-15,7.945,22977,119.2476
10138,아이언맨 2,2010-04-28,6.854,22841,32.8451
11,스타워즈 에피소드 4: 새로운 희망,1977-05-25,8.208,22794,32.597
10195,토르: 천둥의 신,2011-04-21,6.771,22733,25.6273
22,캐리비안의 해적: 블랙펄의 저주,2003-07-09,7.834,22697,33.1731
284053,토르: 라그나로크,2017-10-02,7.58,22423,29.4373
297761,수어사이드 스쿼드,2016-08-03,5.917,22375,14.5079
135397,쥬라기 월드,2015-06-06,6.703,21875,21.4156
98,글래디에이터,2000-05-04,8.231,21404,37.3411
557,스파이더맨,2002-05-01,7.352,21319,61.3506
245891,존 윅,2014-10-16,7.463,21272,19.8703
102899,앤트맨,2015-07-14,7.066,21185,23.4067
297762,원더 우먼,2017-05-30,7.204,21163,19.4116
140607,스타워즈 에피소드 7: 깨어난 포스,2015-12-15,7.2,20860,24.5308
263115,로건,2017-02-28,7.8,20776,29.5051
100402,캡틴 아메리카: 윈터 솔져,2014-03-20,7.654,20400,18.4909
49051,호빗: 뜻밖의 여정,2012-12-12,7.381,20010,27.8973
383498,데드풀 2,2018-05-15,7.488,19598,28.7235
24,킬 빌: 1부,2003-10-10,7.97,19345,24.2926
209112,배트맨 대 슈퍼맨: 저스티스의 시작,2016-03-23,6.011,19302,20.0979
9806,인크레더블,2004-10-27,7.728,19241,28.3158
1930,어메이징 스파이더맨,2012-06-23,6.759,19036,41.9997
1891,스타워즈 에피소드 5: 제국의 역습,1980-05-20,8.393,18787,17.1994
101299,헝거게임: 캣칭 파이어,2013-11-15,7.425,18721,20.0507
76338,토르: 다크 월드,2013-10-30,6.509,18669,21.9524
198663,메이즈 러너,2014-09-10,7.19,18418,33.7861
207703,킹스맨: 시크릿 에이전트,2015-01-24,7.617,18096,23.3506
374720,덩케르크,2017-07-19,7.451,17915,21.7204
324857,스파이더맨: 뉴 유니버스,2018-12-06,8.399,17783,47.4827
335983,베놈,2018-09-28,6.824,17536,21.8858
429617,스파이더맨: 파 프롬 홈,2019-06-28,7.393,17528,44.9548
58,캐리비안의 해적: 망자의 함,2006-07-06,7.39,17522,29.1672
240832,루시,2014-07-25,6.476,17330,18.1545
333339,레디 플레이어 원,2018-03-28,7.587,17315,21.7205
1892,스타워즈 에피소드 6: 제다이의 귀환,1983-05-25,7.911,17247,13.3328
339403,베이비 드라이버,2017-06-28,7.444,17144,16.4961
299537,캡틴 마블,2019-03-06,6.772,17091,22.9265
72190,월드워 Z,2013-06-19,6.849,16965,23.6835
177572,빅 히어로,2014-10-24,7.7,16877,33.7282
558,스파이더맨 2,2004-06-25,7.329,16836,19.3159
330459,로그 원: 스타워즈 스토리,2016-12-14,7.51,16710,18.6391
181808,스타워즈 에피소드 8: 라스트 제다이,2017-12-13,6.74,16631,28.4214
127585,엑스맨: 데이즈 오브 퓨처 패스트,2014-05-15,7.535,16603,31.1754
49521,맨 오브 스틸,2013-06-12,6.66,16546,30.1343
101,레옹,1994-09-14,8.293,16454,25.2264
37724,007 스카이폴,2012-10-24,7.266,16362,15.8186
1893,스타워즈 에피소드 1: 보이지 않는 위험,1999-05-19,6.582,16160,13.6662
752,브이 포 벤데타,2006-02-23,7.897,15883,27.2485
285,캐리비안의 해적: 세상의 끝에서,2007-05-19,7.278,15773,24.7922
122917,호빗: 다섯 군대 전투,2014-12-10,7.338,15704,28.6367
559,스파이더맨 3,2007-05-01,6.478,15693,43.7502
137113,엣지 오브 투모로우,2014-05-27,7.642,15446,20.852
393,킬 빌: 2부,2004-04-16,7.874,15392,16.8328
1895,스타워즈 에피소드 3: 시스의 복수,2005-05-17,7.473,15245,13.855
1865,캐리비안의 해적: 낯선 조류,2011-05-15,6.573,15203,25.3715
297802,아쿠아맨,2018-12-07,6.865,15165,21.0547
607,맨 인 블랙,1997-07-02,7.228,15131,17.245
218,터미네이터,1984-10-26,7.69,15040,38.974
1271,300,2007-03-07,7.208,15042,15.4251
10528,셜록 홈즈,2009-12-23,7.223,14997,13.9436
280,터미네이터 2: 심판의 날,1991-07-03,8.168,14767,36.9956
102382,어메이징 스파이더맨 2,2014-04-16,6.559,14684,40.1534
1894,스타워즈 에피소드 2: 클론의 습격,2002-05-15,6.597,14638,12.1854
76600,아바타: 물의 길,2022-12-14,7.587,14580,39.6807
324552,존 윅: 리로드,2017-02-08,7.345,14567,20.8294
57158,호빗: 스마우그의 폐허,2013-12-11,7.581,14521,20.1974
363088,앤트맨과 와스프,2018-07-04,6.897,14451,20.807
246655,엑스맨: 아포칼립스,2016-05-18,6.527,14060,29.4538
85,인디아나 존스: 레이더스,1981-06-12,7.928,13940,20.4045
102651,말레피센트,2014-05-28,7.09,13914,17.0659
260513,인크레더블 2,2018-06-14,7.453,13910,23.5681
141052,저스티스 리그,2017-11-15,6.069,13901,17.0995
190859,아메리칸 스나이퍼,2014-12-25,7.408,13854,17.1611
49538,엑스맨: 퍼스트 클래스,2011-06-01,7.305,13809,1.1009
68726,퍼시픽 림,2013-07-11,6.946,13759,21.0015
157336,인터스텔라,2014-11-05,8.487,41012,63.4305
671,해리 포터와 마법사의 돌,2001-11-16,7.903,30132,54.1428
672,해리 포터와 비밀의 방,2002-11-13,7.707,23993,45.2627
150540,인사이드 아웃,2015-06-17,7.906,23829,32.4905
673,해리 포터와 아즈카반의 죄수,2004-05-31,8.01,23569,36.4481
674,해리 포터와 불의 잔,2005-11-16,7.802,22565,34.8986
12445,해리 포터와 죽음의 성물 2,2011-07-12,8.08,22372,42.1548
105,빽 투 더 퓨쳐,1985-07-03,8.329,22315,32.1716
14160,업,2009-05-28,7.96,22054,32.0575
286217,마션,2015-09-30,7.707,21743,27.4928
354912,코코,2017-10-27,8.197,21342,39.5965
675,해리 포터와 불사조 기사단,2007-07-08,7.672,21164,30.7058
767,해리 포터와 혼혈왕자,2009-07-15,7.681,21135,31.577
12,니모를 찾아서,2003-05-30,7.82,20911,33.9454
12444,해리 포터와 죽음의 성물 1,2010-11-17,7.732,20731,36.1834
862,토이 스토리,1995-11-22,7.988,20450,39.3706
259316,신비한 동물사전,2016-11-16,7.309,19944,22.5497
281957,레버넌트: 죽음에서 돌아온 자,2015-12-25,7.54,19650,22.0585
808,슈렉,2001-05-18,7.778,19243,32.9573
269149,주토피아,2016-02-11,7.8,18478,38.5151
329,쥬라기 공원,1993-06-11,8.0,18285,15.7963
109445,겨울왕국,2013-11-20,7.2,17845,29.1202
131631,헝거게임: 모킹제이,2014-11-19,6.816,16952,20.345
118,찰리와 초콜릿 공장,2005-07-13,7.038,16342,21.8291
920,카,2006-06-08,7.049,15454,28.2588
438631,듄,2021-09-15,7.784,15456,44.2541
12155,이상한 나라의 앨리스,2010-03-03,6.644,15023,21.2958
353486,쥬만지: 새로운 세계,2017-12-20,6.824,14724,14.7559
10191,드래곤 길들이기,2010-03-18,7.867,14672,31.8647
425,아이스 에이지,2002-03-14,7.384,14579,22.8012
10681,월•E,2008-06-26,8.122,20778,36.6173
585,몬스터 주식회사,2001-11-01,7.9,20184,32.5415
8587,라이온 킹,1994-06-15,8.251,20079,35.3871
2062,라따뚜이,2007-06-28,7.846,18878,30.3444
129,센과 치히로의 행방불명,2001-07-20,8.534,18815,42.2708
20352,슈퍼배드,2010-07-08,7.26,16340,32.7665
10193,토이 스토리 3,2010-06-16,7.815,16156,28.44
863,토이 스토리 2,1999-10-30,7.619,15298,27.3852
62177,메리다와 마법의 숲,2012-06-21,7.035,14408,18.9678
277834,모아나,2016-10-13,7.6,13981,6.8313
809,슈렉 2,2004-05-19,7.328,13724,21.3472
82690,주먹왕 랄프,2012-11-01,7.4,13280,18.5271
9502,쿵푸팬더,2008-06-04,7.3,12945,23.2549
372058,너의 이름은.,2016-07-01,8.485,12936,27.173
127380,도리를 찾아서,2016-06-16,7.043,12823,15.7066
38757,라푼젤,2010-11-24,7.617,12667,27.2949
812,알라딘,1992-11-25,7.657,12227,22.7417
93456,슈퍼배드 2,2013-06-26,6.948,12201,19.1753
953,마다가스카,2005-05-25,6.929,11961,18.3929
508442,소울,2020-12-25,8.089,11683,26.3261
62211,몬스터 대학교,2013-06-19,7.057,11511,15.1968
4935,하울의 움직이는 성,2004-09-09,8.386,11374,32.1364
211672,미니언즈,2015-06-17,6.424,11280,17.898
502356,슈퍼 마리오 브라더스,2023-04-05,7.6,11093,33.4577
301528,토이 스토리 4,2019-06-19,7.464,10936,28.7548
420818,라이온 킹,2019-07-12,7.091,10886,17.8884
10020,미녀와 야수,1991-10-22,7.726,10862,23.4941
10674,뮬란,1998-06-18,7.903,10646,17.9671
82702,드래곤 길들이기 2,2014-06-05,7.685,10647,25.4492
9479,팀 버튼의 크리스마스 악몽,1993-10-09,7.835,10535,20.1486
950,아이스 에이지 2,2006-03-29,6.726,10517,14.107
330457,겨울왕국 2,2019-11-20,7.2,10449,35.0342
3933,유령 신부,2005-09-12,7.59,10383,21.8194
568124,엔칸토: 마법의 세계,2021-10-13,7.6,10373,19.2871
810,슈렉 3,2007-05-17,6.314,9965,23.5365
9487,벅스 라이프,1998-11-25,6.982,9888,18.3646
14836,코렐라인: 비밀의 문,2009-02-05,7.935,9372,38.9451
76492,몬스터 호텔,2012-09-20,6.969,9332,22.4531
128,모노노케 히메,1997-07-12,8.319,9236,22.4546
315162,장화신은 고양이: 끝내주는 모험,2022-12-07,8.216,9183,29.0376
569094,스파이더맨: 어크로스 더 유니버스,2023-05-31,8.346,9164,67.3411
508943,루카,2021-06-17,7.774,9104,14.8975
8355,아이스 에이지 3: 공룡시대,2009-06-26,6.776,9037,23.087
8392,이웃집 토토로,1988-04-16,8.1,9033,16.92
35,심슨 가족: 더 무비,2007-07-25,7.023,8694,17.059
137106,레고 무비,2014-02-06,7.432,8687,25.4897
49013,카 2,2011-06-11,6.189,8663,26.6844
328111,마이펫의 이중생활,2016-06-18,6.326,8646,7.0654
335797,씽,2016-11-23,7.124,8563,14.0682
10144,인어공주,1989-11-17,7.353,8545,19.8388
404368,주먹왕 랄프 2: 인터넷 속으로,2018-11-20,7.2,8251,20.3372
57800,아이스 에이지 4: 대륙 이동설,2012-06-27,6.4,8251,23.7879
49444,쿵푸팬더 2,2011-05-25,7.1,8107,17.4528
10192,슈렉 포에버,2010-05-16,6.414,8102,17.8706
408,백설공주와 일곱 난쟁이,1938-01-22,7.1,8100,25.3862
11970,헤라클레스,1997-06-13,7.499,8079,14.8659
223702,소시지 파티,2016-07-11,5.751,7831,11.1417
324852,슈퍼배드 3,2017-06-15,6.469,7766,16.0681
49519,크루즈 패밀리,2013-03-15,6.946,7684,22.7389
38055,메가마인드,2010-10-28,7.038,7659,19.0649
10527,마다가스카 2,2008-10-30,6.532,7578,18.2923
295693,보스 베이비,2017-03-23,6.45,7561,5.0589
37135,타잔,1999-06-17,7.409,7470,13.2401
11688,쿠스코? 쿠스코!,2000-12-15,7.567,7443,21.6434
527774,라야와 마지막 드래곤,2021-03-03,7.8,7421,18.3722
46195,리오,2011-04-03,6.771,7320,15.8249
44896,랭고,2011-03-02,6.917,7292,15.2095
166428,드래곤 길들이기 3,2019-01-03,7.751,7268,17.1458
81188,가디언즈,2012-11-21,7.38,7264,13.0321
11224,신데렐라,1950-02-22,7.052,7265,21.5025
11544,릴로 & 스티치,2002-06-21,7.559,7218,19.2677
5255,폴라 익스프레스,2004-11-10,6.726,7003,14.1321
1022789,인사이드 아웃 2,2024-06-11,7.54,6942,33.4559
10555,샤크,2004-09-20,6.046,6816,13.4852
12230,101마리 강아지,1961-01-25,7.178,6761,14.1291
9325,정글북,1967-10-18,7.288,6760,12.0591
140300,쿵푸팬더 3,2016-01-23,6.94,6752,13.8864
12477,반딧불의 묘,1988-04-16,8.446,6744,0.0169
80321,마다가스카 3: 이번엔 서커스다!,2012-06-06,6.647,6702,16.6314
508439,온워드: 단 하루의 기적,2020-02-29,7.634,6679,12.5437
13053,볼트,2008-11-21,6.554,6629,11.7083
22794,하늘에서 음식이 내린다면,2009-09-17,6.665,6601,11.9722
260514,카 3: 새로운 도전,2017-06-15,6.865,6551,26.9887
2300,스페이스 잼,1996-11-15,6.807,6537,11.1122
1184918,와일드 로봇,2024-09-12,8.307,6528,49.8448
680,펄프 픽션,1994-09-10,8.481,30783,42.7629
13,포레스트 검프,1994-06-23,8.5,30366,45.7532
106646,더 울프 오브 월 스트리트,2013-12-25,8.026,26434,34.2119
496243,기생충,2019-05-30,8.49,21226,37.2248
37165,트루먼 쇼,1998-06-04,8.157,20756,28.6505
77338,언터처블: 1%의 우정,2011-11-02,8.272,18762,28.112
18785,행오버,2009-06-02,7.337,18456,24.4004
313369,라라랜드,2016-12-01,7.896,18425,25.0414
120467,그랜드 부다페스트 호텔,2014-02-26,8.025,16446,20.874
466272,원스 어폰 어 타임 인… 할리우드,2019-07-24,7.42,15178,26.0461
546554,나이브스 아웃,2019-11-27,7.843,14428,25.4769
165,빽 투 더 퓨쳐 2,1989-11-22,7.785,14228,17.5572
637,인생은 아름다워,1997-12-20,8.437,14207,22.2281
350,악마는 프라다를 입는다,2006-06-29,7.437,14176,30.8109
194662,버드맨,2014-10-17,7.435,13791,18.2119
19908,좀비랜드,2009-10-02,7.261,13436,14.6793
72105,19곰 테드,2012-06-29,6.454,13417,18.7463
490132,그린 북,2018-11-16,8.222,13177,28.0997
82693,실버라이닝 플레이북,2012-11-16,7.155,12810,13.6579
771,나 홀로 집에,1990-11-16,7.469,12785,1.6349
194,아멜리에,2001-04-25,7.92,12618,21.9011
115,위대한 레보스키,1998-03-06,7.834,12444,15.7063
196,빽 투 더 퓨쳐 3,1990-05-25,7.496,11772,17.4457
310,브루스 올마이티,2003-05-23,6.729,11695,15.5515
854,마스크,1994-07-29,6.995,11537,17.4044
45243,행오버 2,2011-05-25,6.511,11503,13.2179
346698,바비,2023-07-19,6.911,11499,28.1376
787,미스터 & 미세스 스미스,2005-06-07,6.694,11457,19.0084
343668,킹스맨: 골든 서클,2017-09-20,6.942,11335,18.1067
19913,500일의 썸머,2009-07-17,7.304,11255,18.3212
64688,21 점프 스트리트,2012-03-14,6.884,11233,12.6298
1593,박물관이 살아있다!,2006-12-20,6.6,11164,11.9631
41154,맨 인 블랙 3,2012-05-23,6.546,11163,11.3806
772,나 홀로 집에 2: 뉴욕을 헤매다,1992-11-15,6.793,10860,27.2064
608,맨 인 블랙 2,2002-07-03,6.389,10852,14.1059
515001,조조 래빗,2019-10-18,7.973,10644,11.8711
454626,수퍼 소닉,2020-02-12,7.273,10548,16.7416
287947,샤잠!,2019-03-29,6.97,10401,12.9286
337404,크루엘라,2021-05-26,7.967,10272,18.2645
107,스내치,2000-09-01,7.829,10227,21.2177
550988,프리 가이,2021-08-11,7.437,10117,19.2843
318846,빅쇼트,2015-12-11,7.371,10045,23.9613
620,고스트버스터즈,1984-06-08,7.497,9948,17.3298
436969,더 수어사이드 스쿼드,2021-07-28,7.45,9848,23.8485
10625,퀸카로 살아남는 법,2004-04-30,7.227,9637,24.9945
138832,우리는 밀러 가족,2013-08-07,6.839,9630,12.139
646380,돈 룩 업,2021-12-08,7.057,9630,14.795
747,새벽의 황당한 저주,2004-04-09,7.545,9587,14.5907
512200,쥬만지: 넥스트 레벨,2019-12-04,6.871,9566,22.5397
50646,크레이지 스투피드 러브,2011-07-29,7.278,9483,14.2157
109439,행오버 3,2013-05-23,6.212,9407,13.3056
533535,데드풀과 울버린,2024-07-24,7.585,9338,55.0713
391713,레이디 버드,2017-09-01,7.247,9147,14.1845
114,귀여운 여인,1990-03-23,7.442,9136,15.6363
137,사랑의 블랙홀,1993-02-11,7.635,9125,15.7844
4951,내가 널 사랑할 수 없는 10가지 이유,1999-03-30,7.598,9107,22.3821
402900,오션스 8,2018-06-07,6.947,8963,14.2382
594,터미널,2004-06-17,7.356,8923,15.6077
616037,토르: 러브 앤 썬더,2022-07-06,6.361,8897,22.1443
290250,나이스 가이즈,2016-05-15,7.133,8875,14.9801
278,쇼생크 탈출,1994-09-23,8.729,31212,112.3265
475557,조커,2019-10-01,8.116,28232,36.3613
807,세븐,1995-09-22,8.381,23690,37.3117
238,대부,1972-03-14,8.686,23472,60.6535
497,그린 마일,1999-12-10,8.506,19732,38.2543
274,양들의 침묵,1991-02-14,8.345,18423,6.7773
640,캐치 미 이프 유 캔,2002-12-16,7.978,17489,21.8523
75656,나우 유 씨 미: 마술사기단,2013-05-29,7.326,17085,16.6755
1422,디파티드,2006-10-04,8.159,16577,26.4874
500,저수지의 개들,1992-09-02,8.111,15777,17.355
769,좋은 친구들,1990-09-12,8.451,14699,27.1698
240,대부 2,1974-12-20,8.573,14273,35.0071
185,시계태엽 오렌지,1971-10-28,8.17,14076,19.067
64690,드라이브,2011-09-15,7.583,13949,16.8741
103,택시 드라이버,1976-02-09,8.122,13739,25.1546
6977,노인을 위한 나라는 없다,2007-11-09,7.951,13706,21.9959
146233,프리즈너스,2013-09-19,8.106,13441,22.5694
111,스카페이스,1983-12-09,8.152,13366,29.1015
161,오션스 일레븐,2001-12-07,7.466,12841,22.0414
1359,아메리칸 사이코,2000-04-13,7.403,12655,19.7747
23483,킥 애스: 영웅의 탄생,2010-03-26,7.123,12599,13.9498
414906,더 배트맨,2022-03-01,7.669,12435,41.412
458156,존 윅 3: 파라벨룸,2019-05-15,7.4,12030,20.6203
242582,나이트 크롤러,2014-10-23,7.709,12003,23.6576
1949,조디악,2007-03-02,7.531,11840,20.904
291805,나우 유 씨 미 2,2016-06-02,6.824,11773,16.2498
629,유주얼 서스펙트,1995-07-19,8.165,11689,18.5091
168259,분노의 질주: 더 세븐,2015-04-01,7.214,11462,18.5429
82992,분노의 질주: 더 맥시멈,2013-05-21,6.817,11333,1.5388
641,레퀴엠,2000-10-06,8.009,11248,8.2523
359940,쓰리 빌보드,2017-12-01,8.052,11146,11.8566
9799,분노의 질주,2001-06-22,7.014,11082,1.8941
495764,버즈 오브 프레이: 할리 퀸의 황홀한 해방,2020-02-05,6.867,10971,15.6531
337339,분노의 질주: 더 익스트림,2017-04-12,6.851,10961,14.2215
392044,오리엔트 특급 살인,2017-11-03,6.705,10700,14.2941
627,트레인스포팅,1996-02-23,7.961,10618,13.5176
176,쏘우,2004-10-01,7.4,10289,17.7356
156022,더 이퀄라이저,2014-09-24,7.292,10160,25.1391
273481,시카리오:  암살자의 도시,2015-09-17,7.427,9822,22.2044
664413,365일,2020-02-07,6.99,9579,9.2999
275,파고,1996-03-08,7.8,9326,16.2724
47971,트리플 엑스 리턴즈,2017-01-13,6.129,9314,24.7703
51497,분노의 질주: 언리미티드,2011-04-20,7.244,9046,1.7585
187,씬 시티,2005-04-01,7.465,9030,12.0101
38700,나쁜 녀석들: 포에버,2020-01-15,7.105,8862,11.8449
268,배트맨,1989-06-21,7.233,8755,15.0438
187017,22 점프 스트리트,2014-06-05,6.826,8690,10.6883
198184,채피,2015-03-04,6.792,8640,11.8429
949,히트,1995-12-15,7.9,8635,24.2172
339846,베이워치: SOS 해상 구조대,2017-05-25,6.08,8613,11.9462
4638,뜨거운 녀석들,2007-02-14,7.569,8561,13.799
598,시티 오브 갓,2002-08-30,8.428,8402,21.6297
256591,포커스,2015-02-25,6.87,8398,7.3228
584,패스트 & 퓨리어스 2,2003-06-05,6.52,8335,2.3558
603692,존 윅 4,2023-03-21,7.714,8250,25.6195
487558,블랙클랜스맨,2018-08-09,7.5,8240,10.3077
4232,스크림,1996-12-20,7.4,8190,17.9741
300669,맨 인 더 다크,2016-06-08,7.017,8128,11.3443
163,오션스 트웰브,2004-12-09,6.566,8084,13.8778
13804,분노의 질주: 더 오리지널,2009-04-02,6.688,7967,1.6525
168672,아메리칸 허슬,2013-12-12,6.851,7887,10.298
385128,분노의 질주: 더 얼티메이트,2021-05-19,6.987,7834,9.5805
75780,잭 리처,2012-12-20,6.677,7831,20.3547
9615,패스트 & 퓨리어스: 도쿄 드리프트,2006-06-03,6.557,7823,3.2058
65754,밀레니엄: 여자를 증오한 남자들,2011-12-14,7.387,7772,14.701
8909,원티드,2008-06-19,6.529,7753,12.0949
398978,아이리시맨,2019-11-01,7.571,7682,15.8676
322,미스틱 리버,2003-10-08,7.743,7646,16.2565
302946,어카운턴트,2016-10-13,7.139,7551,14.148
3131,갱스 오브 뉴욕,2002-12-14,7.319,7389,12.6618
100,록 스탁 앤 투 스모킹 배럴즈,1998-08-28,8.094,7360,7.7044
39514,레드,2010-10-13,6.705,7276,11.5776
82675,테이큰 2,2012-09-27,6.369,7247,11.1285
661374,나이브스 아웃: 글래스 어니언,2022-11-23,7.026,7113,14.5209
9737,나쁜 녀석들,1995-04-07,6.832,7107,13.9465
184,재키 브라운,1997-12-25,7.357,7096,10.865
328387,너브,2016-06-27,6.995,7092,6.2515
298,오션스 13,2007-06-05,6.73,7047,12.2039
899082,해리 포터 20주년: 리턴 투 호그와트,2022-01-01,7.307,3563,10.9895
656690,소셜 딜레마,2020-01-26,7.459,1838,6.7139
9372,슈퍼 사이즈 미,2004-01-17,6.716,1818,2.9137
9012,잭애스,2002-10-25,6.338,1808,7.0832
1430,볼링 포 콜럼바인,2002-10-09,7.517,1729,3.9953
515042,프리 솔로,2018-09-28,7.9,1563,5.5998
1777,화씨 9/11,2004-06-25,7.085,1554,3.5587
16290,잭애스 3D,2010-10-15,6.641,1513,6.0948
293310,시티즌포,2014-10-10,7.733,1441,3.6477
691179,프렌즈: 더 리유니언,2021-05-27,7.821,1372,6.7271
331781,에이미,2015-07-02,7.572,1331,3.6871
12094,잭애스 넘버 투,2006-09-22,6.599,1323,5.9299
1667,펭귄 - 위대한 모험,2005-01-26,7.077,1243,3.3227
489931,아메리칸 애니멀스,2018-06-01,6.734,1239,4.554
58496,세나: F1의 신화,2010-10-07,8.105,1230,4.4879
158999,블랙피쉬: 노토리어스 킬러,2013-06-07,7.855,1210,3.7302
923632,데이트 앱 사기: 당신을 노린다,2022-02-02,6.964,1139,4.122
13576,마이클 잭슨의 디스 이즈 잇,2009-10-28,7.357,1101,4.7122
689249,종이의 집: 신드롬이 된 드라마,2020-04-03,7.443,1086,2.8129
8885,바시르와 왈츠를,2008-06-12,7.673,1084,3.753
164558,원 디렉션: 디스 이즈 어스,2013-08-20,8.208,1078,3.2124
682110,나의 문어 선생님,2020-09-04,7.893,1078,7.0958
44639,인사이드 잡,2010-10-08,7.713,1065,4.5912
84334,서칭 포 슈가맨,2012-06-30,7.881,1061,2.5971
567860,FYRE: 꿈의 축제에서 악몽의 사기극으로,2019-01-18,6.937,1031,2.2765
1015606,오비완 케노비: 제다이가 돌아오다,2022-09-07,6.795,1021,6.0894
1781,불편한 진실,2006-05-24,6.948,998,3.6115
39452,선물 가게를 지나야 출구,2010-03-05,7.541,991,2.7054
14048,맨 온 와이어,2008-08-01,7.381,991,2.6082
501,그리즐리 맨,2005-08-12,7.534,983,5.9087
656663,잭애스 포에버,2022-02-01,6.81,968,7.3777
318224,정화: 사이언톨로지와 신앙의 감옥,2015-01-25,7.575,883,2.42
503210,Return to Jurassic Park,2011-02-05,6.585,848,3.5894
432976,이카로스,2017-06-03,7.643,849,2.8795
489988,어느 일란성 세 쌍둥이의 재회,2018-06-29,7.3,838,2.7801
410718,비포 더 플러드,2016-10-21,7.68,827,2.8381
26317,카메라를 든 사나이,1929-05-12,7.841,822,2.8154
84287,니콜라스 바클레이의 진실,2012-07-13,7.314,815,2.3842
407806,미국 수정헌법 제13조,2016-10-07,7.8,812,2.0399
2359,식코,2007-05-18,7.352,804,3.3996
80767,스시 장인: 지로의 꿈,2011-06-11,7.725,794,1.9892
11314,코야니스카시,1983-04-27,7.876,794,3.5829
123678,액트 오브 킬링,2012-11-08,7.663,777,3.7135
743601,아메리칸 머더: 이웃집 살인 사건,2020-09-29,7.248,773,2.4108
191720,조도로브스키의 듄,2013-08-30,7.823,771,3.3552
319075,커트 코베인: 몽타주 오브 헥,2015-03-23,7.619,761,3.2977
469019,짐과 앤디: 인생과 연기 사이,2017-09-05,7.454,747,2.2582
318256,핫 걸 원티드,2015-01-24,6.124,741,2.8717
549559,아폴로 11,2019-03-01,7.858,725,3.5284
14002,바라카,1992-09-15,8.228,714,4.3644
65851,잭애스 3.5,2011-04-01,6.373,710,3.4614
89708,삼사라,2011-09-16,8.1,704,3.8063
543580,데이 쉘 낫 그로우 올드,2018-11-09,7.763,693,3.1141
265297,제네시스: 세상의 소금,2014-08-29,8.096,693,3.7009
23128,더 코브: 슬픈 돌고래의 진실,2009-07-31,7.95,693,4.0331
18570,푸드 주식회사,2008-09-07,7.363,678,2.1645
950445,리턴 투 스페이스,2022-04-07,6.544,671,1.9256
13007,신은 없다,2008-10-01,7.031,667,2.1445
653567,미스 아메리카나,2020-01-31,7.8,653,2.3306
14158,잭애스 2.5,2007-12-18,6.128,637,2.8771
1022256,'셀레나 고메즈: 마이 마인드 앤드 미' - Selena Gomez: My Mind & Me,2022-11-04,8.452,620,16.064
490003,내 이웃이 되어 줄래요?,2018-06-29,7.98,613,2.6062
472424,레이디 가가: 155cm의 도발,2017-09-21,7.432,605,1.4078
15584,친애하는 재커리 : 아버지에 관해 두 아들에게 보내는 편지,2008-10-31,8.053,600,2.3881
411009,아만다 녹스,2016-09-10,6.631,597,1.3592
566222,거대한 해킹,2019-01-26,6.873,596,3.0018
22074,자본주의: 러브 스토리,2009-09-06,7.054,584,3.6985
803,밤과 안개,1956-05-22,8.3,582,5.3398
828508,Return,2018-05-11,6.5,571,0.9387
62320,홈,2009-06-03,7.808,571,2.4331
1188150,Return,2023-09-26,6.5,567,1.1459
31225,파리 이즈 버닝,1991-03-13,8.028,565,2.5507
42296,캣피쉬,2010-09-17,6.813,563,1.4687
13016,시대정신,2007-06-01,6.959,554,2.199
5205,펌핑 아이언,1977-01-18,7.147,548,2.6152
352208,다음 침공은 어디?,2015-12-23,7.229,546,1.9092
84330,샤이닝 : 237호의 비밀,2012-10-26,6.14,537,3.9503
411019,아이 엠 낫 유어 니그로,2017-02-03,7.74,530,4.3953
740996,블랙핑크: 세상을 밝혀라,2020-10-14,8.166,528,2.2525
282297,카우스피라시,2014-07-01,7.628,527,1.3336
565716,아메리칸 팩토리,2019-08-21,7.185,526,2.12
13958,킹 오브 콩,2007-03-25,7.726,513,2.224
80215,인디 게임,2012-05-18,7.505,499,1.3114
532908,화씨 11/9: 트럼프의 시대,2018-09-10,7.104,486,2.4717
855823,슈마허,2021-09-14,7.269,476,2.1697
11194,터칭 더 보이드,2003-09-05,7.56,475,3.7709
250658,The Internet's Own Boy: The Story of Aaron Swartz,2014-06-27,7.872,473,2.9577
801058,씨스피라시,2021-03-24,7.801,468,2.6244
611291,브링 더 소울: 더 무비,2019-08-07,8.3,462,5.4668
1412113,오징어 게임: 시즌2 제작 이야기,2025-01-02,8.341,459,5.2344
664280,데이비드 애튼버러: 우리의 지구를 위하여,2020-09-28,8.425,457,6.6228
1040330,Black Adam: Saviour or Destroyer?,2022-10-15,7.17,453,1.2748
57283,헥산: 마녀들,1922-09-18,7.6,448,2.6342
536841,디에고,2019-06-14,7.397,447,2.238
373072,간지럼의 포르노그래피,2016-05-26,7.171,447,2.6589
553512,번 더 스테이지: 더 무비,2018-11-15,8.333,434,4.542
54518,저스틴 비버: 네버 세이 네버,2011-02-11,5.2,434,4.0884
4539,회상: 지옥의 묵시록,1991-11-27,7.922,434,2.8935
451995,바르다가 사랑한 얼굴들,2017-06-28,7.621,425,2.7476
361931,호날두,2015-11-09,6.976,424,2.3086
550,파이트 클럽,1999-10-15,8.437,32766,42.7316
68718,장고: 분노의 추적자,2012-12-25,8.193,28529,28.0625
597,타이타닉,1997-12-18,7.9,27660,40.3569
11324,셔터 아일랜드,2010-02-14,8.196,26352,26.8216
16869,바스터즈: 거친 녀석들,2009-08-02,8.218,24689,26.5245
346364,그것,2017-09-06,7.24,20620,19.1058
210577,나를 찾아줘,2014-10-01,7.89,20335,30.3591
329865,컨택트,2016-11-10,7.633,19799,24.3691
205596,이미테이션 게임,2014-11-14,7.98,18364,29.8094
1124,프레스티지,2006-10-19,8.211,18051,25.445
424694,보헤미안 랩소디,2018-10-24,7.951,18005,18.4605
424,쉰들러 리스트,1993-12-15,8.57,17844,35.6002
857,라이언 일병 구하기,1998-07-24,8.232,17704,30.7952
6479,나는 전설이다,2007-12-12,7.223,17255,17.9018
244786,위플래쉬,2014-10-10,8.375,17024,42.7043
38,이터널 선샤인,2004-03-19,8.089,16676,22.3067
49047,그래비티,2013-10-03,7.173,16618,14.3103
44214,블랙 스완,2010-12-03,7.684,15823,21.8319
447332,콰이어트 플레이스,2018-04-03,7.395,15669,21.9054
335984,블레이드 러너 2049,2017-10-04,7.604,15603,32.2509
152601,그녀,2013-12-18,7.836,15585,18.2961
273248,헤이트풀8,2015-12-25,7.756,15564,16.3085
78,블레이드 러너,1982-06-25,7.935,15352,26.806
324786,핵소 고지,2016-10-07,8.193,15233,30.9318
8966,트와일라잇,2008-11-20,6.275,14638,22.3838
264660,엑스 마키나,2015-01-21,7.571,14539,15.5255
274870,패신저스,2016-12-21,6.956,14464,9.232
489,굿 윌 헌팅,1997-12-05,8.165,14239,29.1009
162,가위손,1990-12-07,7.72,14001,15.0083
4922,벤자민 버튼의 시간은 거꾸로 간다,2008-12-25,7.6,13986,13.5498
87827,라이프 오브 파이,2012-11-20,7.414,13976,17.4786
530915,1917,2019-12-25,7.983,13843,17.5949
141,도니 다코,2001-01-19,7.759,13698,15.9155
296096,미 비포 유,2016-06-01,7.93,13528,21.6315
37799,소셜 네트워크,2010-10-01,7.376,13453,19.0999
14,아메리칸 뷰티,1999-09-15,7.998,13298,17.1321
745,식스 센스,1999-08-06,7.955,13209,20.5025
228150,퓨리,2014-10-15,7.546,13188,36.7992
64682,위대한 개츠비,2013-05-09,7.347,13130,13.9016
399055,셰이프 오브 워터: 사랑의 모양,2017-12-01,7.233,13047,13.8616
61791,혹성탈출: 진화의 시작,2011-08-03,7.353,13038,22.0079
398818,콜 미 바이 유어 네임,2017-10-01,8.1,12926,22.6403
207,죽은 시인의 사회,1989-06-02,8.296,12913,27.049
73,아메리칸 히스토리 X,1998-07-01,8.325,12857,17.5412
11036,노트북,2004-06-25,7.9,12820,26.0372
216015,그레이의 50가지 그림자,2015-02-11,5.86,12533,23.8683
8358,캐스트 어웨이,2000-12-22,7.667,12507,19.0812
119450,혹성탈출: 반격의 서막,2014-07-08,7.343,12466,23.5367
872585,오펜하이머,2023-07-19,8.022,12383,48.599
332562,스타 이즈 본,2018-10-03,7.489,12366,10.9407
76203,노예 12년,2013-10-18,7.928,12188,14.2613
13223,그랜 토리노,2008-12-12,7.987,11784,12.7432
600,풀 메탈 자켓,1987-06-26,8.119,11709,16.7603
510,뻐꾸기 둥지 위로 날아간 새,1975-11-19,8.4,11707,22.0852
1417,판의 미로: 오필리아와 세개의 열쇠,2006-10-11,7.768,11696,22.2042
222935,"안녕, 헤이즐",2014-06-02,7.591,11673,12.1072
12405,슬럼독 밀리어네어,2008-11-12,7.728,11545,15.9786
361743,탑건: 매버릭,2022-05-21,8.159,11473,38.6521
321612,미녀와 야수,2017-03-16,6.967,16143,22.9777
601,이티,1982-06-11,7.518,12219,20.1129
411,"나니아 연대기: 사자, 마녀 그리고 옷장",2005-12-07,7.143,11729,35.747
8844,쥬만지,1995-12-15,7.248,11519,4.6357
420817,알라딘,2019-05-22,7.077,10786,14.4912
278927,정글북,2016-04-07,6.879,8617,15.6794
8871,그린치,2000-11-17,6.8,8424,17.3732
406997,원더,2017-11-13,8.098,8382,15.2342
32657,퍼시잭슨과 번개도둑,2010-02-01,6.215,7934,14.5723
44826,휴고,2011-11-22,7.174,7792,10.6224
150689,신데렐라,2015-03-06,6.825,7497,16.6426
158852,투모로우랜드,2015-05-19,6.309,7486,17.3058
18360,박물관이 살아있다 2,2009-05-20,6.157,7425,9.2667
28178,하치 이야기,2009-06-08,8.004,7303,15.5531
166426,캐리비안의 해적: 죽은 자는 말이 없다,2017-05-23,6.665,13022,18.1624
338952,신비한 동물들과 그린델왈드의 범죄,2018-11-14,6.83,11637,9.2912
293167,콩: 스컬 아일랜드,2017-03-08,6.558,11319,21.8319
791373,잭 스나이더의 저스티스 리그,2021-03-18,8.079,11084,22.9454
453395,닥터 스트레인지: 대혼돈의 멀티버스,2022-05-04,7.225,10758,33.004
566525,샹치와 텐 링즈의 전설,2021-09-01,7.485,10694,25.8527
283366,미스 페레그린과 이상한 아이들의 집,2016-09-28,6.84,10604,11.2312
8960,핸콕,2008-07-01,6.356,10437,9.7966
564,미이라,1999-04-16,6.992,10343,22.6935
9738,판타스틱 4,2005-06-29,5.81,10182,16.9388
18239,뉴 문,2009-11-18,5.986,9888,18.1675
50620,브레이킹 던 Part 2,2012-11-13,6.451,9481,12.6169
122906,어바웃 타임,2013-09-04,7.9,9471,17.6819
50619,브레이킹 던 Part 1,2011-11-16,6.184,9394,12.1964
24021,이클립스,2010-06-23,6.187,9371,14.5174
464052,원더 우먼 1984,2020-12-16,6.4,9224,14.553
4011,비틀쥬스,1988-03-30,7.368,8632,14.9187
338970,툼 레이더,2018-03-05,6.364,8491,11.2861
652,트로이,2004-05-13,7.19,11465,30.7089
197,브레이브하트,1995-05-24,7.945,11381,17.9839
381284,히든 피겨스,2016-12-10,8.047,10624,15.7788
45269,킹스 스피치,2010-11-26,7.733,9487,15.7103
359724,포드 V 페라리,2019-11-13,8.006,9250,18.8823
152532,달라스 바이어스 클럽,2013-11-01,7.906,9240,8.4507
314365,스포트라이트,2015-11-06,7.812,8948,14.4839
363676,설리: 허드슨강의 기적,2016-09-07,7.205,7848,13.8819
14574,줄무늬 파자마를 입은 소년,2008-05-07,7.818,7807,13.6908
676,진주만,2001-05-21,6.932,7148,11.1324
80278,더 임파서블,2012-09-09,7.376,6831,14.4722
1579,아포칼립토,2006-12-07,7.661,6633,18.8345
855,블랙 호크 다운,2001-12-28,7.399,6548,19.1162
117,언터처블,1987-06-03,7.754,6301,15.79
568,아폴로 13,1995-06-30,7.464,6079,13.3587
375262,더 페이버릿: 여왕의 여자,2018-11-23,7.48,6026,10.2853
369972,퍼스트맨,2018-10-10,7.038,5782,11.4318
82695,레미제라블,2012-12-18,7.298,5668,11.8802
399404,다키스트 아워,2017-11-22,7.355,5629,9.9864
310307,파운더,2016-11-24,7.153,5503,9.4336
253412,에베레스트,2015-09-10,6.826,5336,9.1401
1495,킹덤 오브 헤븐,2005-05-03,7.084,5192,20.8143
20662,로빈후드,2010-05-12,6.398,5127,10.5551
446354,더 포스트,2017-12-22,7.006,5005,10.3956
11322,퍼블릭 에너미,2009-07-01,6.687,4944,10.7661
279,아마데우스,1984-09-19,8.025,4890,13.3471
1578,분노의 주먹,1980-11-14,7.896,4873,12.2968
302401,스노든,2016-09-15,7.115,4757,7.6312
205775,하트 오브 더 씨,2015-12-03,6.786,4491,11.4442
2024,패트리어트: 늪 속의 여우,2000-06-28,7.207,4457,11.9999
321697,스티브 잡스,2015-10-09,6.774,4441,6.5577
613,다운폴,2004-09-16,7.863,4427,9.2555
22954,우리가 꿈꾸는 기적: 인빅터스,2009-12-11,7.179,4417,5.4786
466420,플라워 킬링 문,2023-10-18,7.39,4305,30.9054
277216,스트레이트 아웃 오브 컴턴,2015-08-11,7.77,4281,12.8739
14756,엽문,2008-12-12,7.8,4229,4.8558
853,에너미 앳 더 게이트,2001-02-28,7.4,4153,19.9224
72976,링컨,2012-11-09,6.842,4133,9.2836
300671,13시간,2016-01-14,7.275,4046,13.2873
1955,엘리펀트 맨,1980-10-09,8.052,4035,10.6103
614934,엘비스,2022-06-22,7.444,3995,9.4665
617653,라스트 듀얼: 최후의 결투,2021-10-13,7.401,3984,11.3267
152760,모뉴먼츠 맨: 세기의 작전,2014-01-24,6.061,3878,6.6539
57212,워 호스,2011-12-25,7.302,3756,9.2211
429197,바이스,2018-12-25,7.012,3678,10.3561
261023,블랙 매스,2015-09-17,6.524,3663,8.3325
504949,더 킹: 헨리 5세,2019-10-11,7.2,3647,7.4019
906126,안데스 설원의 생존자들,2023-12-15,7.968,3602,8.8538
1966,알렉산더,2004-11-21,5.96,3594,11.0034
947,아라비아의 로렌스,1962-12-11,7.999,3558,15.0061
140823,세이빙 MR.뱅크스,2013-11-29,7.334,3552,5.1457
9361,라스트 모히칸,1992-08-26,7.382,3527,10.822
644495,하우스 오브 구찌,2021-11-24,6.56,3510,7.2708
149870,바람이 분다,2013-07-20,7.786,3458,10.2426
1904,게이샤의 추억,2005-12-06,7.637,3448,7.7623
285783,하늘을 걷는 남자,2015-09-30,6.989,3445,7.749
76649,폼페이: 최후의 날,2014-02-18,5.546,3445,6.4134
556984,트라이얼 오브 더 시카고 7,2020-09-25,7.654,3433,9.4769
8741,씬 레드 라인,1998-12-23,7.443,3406,11.2459
68730,사일런스,2016-12-23,7.119,3390,7.9191
7214,코치 카터,2005-01-14,7.586,3376,8.3253
167073,브루클린,2015-10-20,7.296,3313,5.872
1934,셰익스피어 인 러브,1998-12-11,6.826,3268,7.601
3175,배리 린든,1975-12-16,7.999,3267,9.4162
205,호텔 르완다,2004-12-22,7.718,3261,10.3941
429351,12 솔져스,2018-01-18,6.374,3249,11.8978
665,벤허,1959-11-18,7.895,3242,16.7109
753342,나폴레옹,2023-11-22,6.303,3240,13.1993
551332,두 교황,2019-11-27,7.474,3213,6.5351
978,티벳에서의 7년,1997-09-12,7.17,3185,7.7315
314095,잃어버린 도시 Z,2017-03-15,6.388,3146,9.2981
612,뮌헨,2005-12-23,7.131,3076,9.9561
1887,마리 앙투아네트,2006-05-24,6.696,3005,7.5258
9477,킹 아더,2004-07-07,6.303,2996,9.5892
614917,킹 리차드,2021-11-18,7.598,2927,10.6623
388399,패트리어트 데이,2016-12-12,7.065,2910,10.47
522162,미드웨이,2019-11-06,7.097,2792,9.8968
292011,리차드 쥬얼,2019-12-13,7.416,2789,6.4923
467244,존 오브 인터레스트,2023-12-15,7.0,2728,10.7297
115782,잡스,2013-08-15,6.127,2649,4.9672
339877,러빙 빈센트,2017-06-22,7.983,2644,6.4113
88794,제이. 에드가,2011-11-09,6.231,2630,5.4551
387,특전 U보트,1981-09-17,8.081,2616,10.474
79,영웅,2002-12-19,7.503,2582,12.2167
522,에드 우드,1994-09-28,7.481,2577,5.2345
384680,몬태나,2017-12-22,6.952,2572,10.0714
783,간디,1982-12-01,7.559,2555,6.0761
37472,엽문 2,2010-04-29,7.459,2551,0.9317
522212,저스트 머시,2019-12-25,7.845,2543,8.6991
694,샤이닝,1980-05-23,8.2,19308,25.4607
419430,겟 아웃,2017-02-24,7.625,19267,20.809
381288,23 아이덴티티,2017-01-19,7.34,18590,15.184
348,에이리언,1979-05-25,8.172,16778,33.2274
70981,프로메테우스,2012-05-30,6.608,13574,16.2273
138843,컨저링,2013-07-18,7.542,13018,36.8149
578,죠스,1975-06-20,7.684,11814,22.7229
539,싸이코,1960-06-22,8.408,11219,24.4723
405774,버드 박스,2018-12-13,6.822,10782,11.2985
474350,그것: 두 번째 이야기,2019-09-04,6.831,9812,17.9097
126889,에이리언: 커버넌트,2017-05-09,6.186,9628,19.1969
300668,서던 리치: 소멸의 땅,2018-02-22,6.447,9585,18.689
259693,컨저링 2,2016-06-08,7.295,9380,23.5603
158015,더 퍼지,2013-05-31,6.245,8987,11.9144
333371,클로버필드 10번지,2016-03-10,7.009,8890,11.5244
493922,유전,2018-06-07,7.295,8853,25.3161
9552,엑소시스트,1973-12-26,7.744,8841,20.3313
170,28일 후,2002-10-31,7.246,8821,21.2003
22970,캐빈 인 더 우즈,2012-04-12,6.656,8774,13.6396
396535,부산행,2016-07-20,7.752,8668,23.4973
561,콘스탄틴,2005-02-08,7.204,8493,20.0571
530385,미드소마,2019-07-03,7.145,8369,23.0464
345940,메가로돈,2018-08-08,6.252,8360,20.6814
458723,어스,2019-03-14,6.938,8260,10.5654
1091,괴물,1982-06-25,8.073,8212,19.0228
395992,라이프,2017-03-22,6.461,8086,10.881
310131,더 위치,2016-02-19,7.003,7842,15.9492
282035,미이라,2017-06-06,5.521,7767,10.7738
520763,콰이어트 플레이스 2,2021-05-21,7.428,7605,19.025
49018,인시디어스,2011-03-31,6.954,7557,49.6521
2668,슬리피 할로우,1999-11-19,7.194,7536,13.1649
1933,디 아더스,2001-08-02,7.618,7378,16.3802
439079,더 넌,2018-09-05,5.909,7289,17.2812
381283,마더!,2017-09-13,6.949,7243,9.754
60304,헨젤과 그레텔: 마녀 사냥꾼,2013-01-17,6.109,7210,11.0719
927,그렘린,1984-06-08,7.144,7123,14.7264
270303,팔로우,2015-02-04,6.581,7116,22.4683
1576,레지던트 이블,2002-03-15,6.7,7115,8.9878
1813,데블스 에드버킷,1997-10-17,7.481,7006,20.6483
36647,블레이드,1998-08-21,6.852,6924,15.7489
9532,데스티네이션,2000-03-17,6.642,6909,13.5287
565,링,2002-10-18,6.708,6847,12.3767
7131,반 헬싱,2004-05-03,6.425,6826,15.6985
238636,더 퍼지: 거리의 반란,2014-07-17,6.617,6799,10.871
423108,컨저링 3: 악마가 시켰다,2021-05-25,7.338,6685,20.8997
440021,해피 데스데이,2017-10-12,6.658,6673,8.2683
755,황혼에서 새벽까지,1996-01-19,7.051,6673,12.0726
250546,애나벨,2014-10-01,5.789,6643,10.7496
49017,드라큘라: 전설의 시작,2014-10-01,6.467,6612,8.9023
593643,더 메뉴,2022-11-17,7.182,6585,17.2694
628,뱀파이어와의 인터뷰,1994-11-11,7.387,6578,16.3384
8077,에이리언 3,1992-05-22,6.389,6552,13.7976
242224,바바둑,2014-05-22,6.538,6539,6.8787
2675,싸인,2002-08-02,6.735,6512,12.1429
82654,웜 바디스,2013-01-31,6.475,6476,6.5999
13885,스위니 토드: 어느 잔혹한 이발사 이야기,2007-12-21,7.179,6461,9.5929
570670,인비저블맨,2020-02-26,7.086,6430,11.2567
338967,좀비랜드: 더블 탭,2019-10-09,6.89,6409,11.1486
933260,서브스턴스,2024-09-07,7.13,6405,33.2922
948,할로윈,1978-10-24,7.557,6321,17.7179
82507,살인소설,2012-10-04,6.871,6191,15.1406
396422,애나벨: 인형의 주인,2017-08-03,6.607,6078,12.7124
5876,미스트,2007-11-21,6.953,6059,16.3917
756999,블랙폰,2022-06-16,7.513,6037,12.898
215,쏘우 2,2005-10-28,6.6,6030,10.9211
6114,드라큐라,1992-11-13,7.448,5903,12.7587
377,나이트메어,1984-11-09,7.351,5896,21.8759
567609,레디 오어 낫,2019-08-21,7.096,5842,18.0063
1562,28주 후,2007-04-26,6.591,5818,16.7702
21208,오펀: 천사의 비밀,2009-07-24,6.991,5751,9.6972
8078,에이리언 4,1997-11-12,6.172,5725,10.8713
2667,블레어 위치,1999-07-14,6.369,5622,11.4502
316727,더 퍼지: 심판의 날,2016-06-29,6.377,5572,10.3162
23827,파라노말 액티비티,2007-09-14,6.058,5560,7.7585
332567,언더 워터,2016-06-24,6.357,5420,10.8406
36586,블레이드 2,2002-03-22,6.571,5375,11.0951
201085,크림슨 피크,2015-10-13,6.663,5341,10.4199
109428,이블 데드,2013-04-05,6.7,5324,14.5066
298312,더 비지트,2015-09-10,6.318,5279,7.8408
1339713,옵세션,2026-05-13,8.207,5249,213.8596
507089,프레디의 피자가게,2023-10-25,7.28,5164,16.8668
522681,이스케이프 룸,2019-01-03,6.543,5146,11.1737
762504,놉,2022-07-20,6.824,5138,13.5576
424139,할로윈,2018-10-18,6.561,5137,12.0436
9426,플라이,1986-08-15,7.446,5110,13.6249
1233413,씨너스: 죄인들,2025-04-16,7.512,5112,34.3004
395,에이리언 VS 프레데터,2004-08-12,5.956,5103,7.6571
588,사일런트 힐,2006-04-21,6.646,5067,14.2793
214,쏘우 3,2006-10-26,6.417,5066,7.9222
3021,1408,2007-06-22,6.693,5043,10.417
501170,닥터 슬립,2019-10-30,7.146,5025,9.9131
65,8 마일,2002-11-08,7.147,7956,12.8793
114150,피치 퍼펙트,2012-09-28,7.265,6977,9.9236
88,더티 댄싱,1987-08-21,7.32,6642,13.2856
1584,스쿨 오브 락,2003-10-03,7.09,6345,10.1254
254470,피치 퍼펙트: 언프리티 걸즈,2015-05-07,6.84,5578,10.1737
504608,로켓맨,2019-05-17,7.309,5067,8.9633
824,물랑루즈,2001-05-18,7.5,4930,7.9406
438695,씽2게더,2021-12-01,7.832,4890,19.9215
10947,하이 스쿨 뮤지컬,2006-01-20,6.544,4842,6.5935
525,블루스 브라더스,1980-06-16,7.716,4654,13.0747
515195,예스터데이,2019-06-26,6.684,4346,7.6665
936075,마이클,2026-04-22,8.654,4244,64.3764
71,빌리 엘리어트,2000-09-28,7.596,4156,6.0615
198277,비긴 어게인,2014-06-27,7.232,4063,6.9509
9762,스텝 업,2006-08-11,6.879,3960,6.3376
15121,사운드 오브 뮤직,1965-03-29,7.731,3716,16.8443
2005,시스터 액트,1992-05-28,6.835,3515,10.0692
353616,피치 퍼펙트 3,2017-12-20,6.5,3497,7.2711
786,올모스트 페이머스,2000-09-15,7.505,3209,11.5243
69,앙코르,2005-09-13,7.499,3202,8.0703
23398,앨빈과 슈퍼밴드 2,2009-12-21,5.658,3182,8.6874
803796,케이팝 데몬 헌터스,2025-06-20,8.001,3162,33.5848
86829,인사이드 르윈,2013-10-18,7.183,2992,5.3268
502033,사운드 오브 메탈,2020-11-20,7.705,2921,7.3999
5123,어거스트 러쉬,2007-11-21,7.4,2879,8.7052
776503,코다,2021-08-13,7.88,2684,16.7457
5528,코러스,2004-03-17,7.745,2660,9.5897
8872,웨인즈 월드,1992-02-14,6.687,2530,6.3373
304410,미라클 벨리에,2014-12-17,6.957,2512,3.8623
369557,싱 스트리트,2016-03-11,7.856,2501,5.4187
10376,피아니스트의 전설,1998-10-28,8.238,2488,5.3775
301351,위아 유어 프렌즈,2015-08-26,6.807,2486,5.0503
8328,스텝 업 2: 더 스트리트,2008-02-14,6.7,2453,5.9402
55301,앨빈과 슈퍼밴드 3,2011-12-14,5.706,2392,6.9096
507076,클라이맥스,2018-09-19,7.036,2385,6.5942
537116,"틱, 틱... 붐!",2021-11-11,7.586,2362,7.9993
6282,코요테 어글리,2000-07-30,6.259,2319,10.0756
446893,트롤: 월드 투어,2020-03-11,7.224,2309,18.1799
1677,레이,2004-10-29,7.455,2285,7.4366
243,사랑도 리콜이 되나요,2000-03-17,7.131,2253,6.6848
13655,캠프 락,2008-06-20,6.4,2205,8.0243
85446,스텝 업 4: 레볼루션,2012-07-26,6.9,2154,5.3607
15157,신데렐라 스토리 2,2008-09-16,7.324,2143,5.5388
18126,한나 몬타나: 더 무비,2009-04-10,6.58,2127,8.1697
342473,발레리나,2016-12-14,7.208,2028,8.7439
243683,스텝 업: 올 인,2014-07-15,6.8,2023,5.4681
843527,너란 개념,2024-05-02,7.25,2018,11.4934
6279,시스터 액트 2,1993-12-09,6.371,1997,8.4674
32823,컴 백 록스타,2010-06-03,5.96,1993,5.892
2179,터네이셔스 D,2006-11-22,6.8,1838,6.0865
11172,그 여자 작사 그 남자 작곡,2007-02-09,6.449,1837,4.37
258509,앨빈과 슈퍼밴드: 악동 어드벤처,2015-12-17,6.038,1795,7.8912
1407,라 비 앙 로즈,2007-02-14,7.364,1765,4.0731
68817,풋루즈,2011-10-06,6.577,1756,4.9805
64328,머펫 대소동,2011-11-23,6.667,1733,7.8882
12104,핑크 플로이드의 벽,1982-07-14,7.945,1687,5.0171
11031,이것이 스파이널 탭이다,1984-03-02,7.399,1686,6.6031
10537,도어즈,1991-03-01,7.109,1647,5.8775
440298,콜드 워,2018-06-08,7.424,1614,4.2815
531454,유로비전 송 콘테스트: 파이어 사가 스토리,2020-06-26,6.401,1614,4.176
44244,캠프 락 2: 마지막 콘서트,2010-09-17,6.335,1600,5.9245
817758,TAR 타르,2022-10-07,7.089,1589,8.84
661539,컴플리트 언노운,2024-12-25,7.067,1544,9.5113
5723,원스,2007-03-23,7.419,1498,5.396
11113,마이 페어 레이디,1964-12-01,7.481,1463,5.9049
417261,포에버 마이 걸,2018-01-26,7.631,1420,7.1187
341012,론리 아일랜드의 팝스타,2016-06-03,6.587,1411,4.9727
49948,환타지아 2000,2000-01-01,7.0,1389,4.9463
80585,락 오브 에이지,2012-06-13,6.2,1382,6.9066
9816,세이브 더 라스트 댄스,2001-01-12,6.553,1376,4.0358
327331,더 더트,2019-03-18,7.436,1354,4.1844
16052,셀레나,1997-03-21,7.719,1336,3.6791
12182,닉과 노라의 인피니트 플레이리스트,2008-10-03,6.438,1301,3.4584
615667,"마 레이니, 그녀가 블루스: 못다 한 이야기",2020-11-25,6.647,1287,5.6653
491283,주디,2019-09-27,6.673,1282,5.342
402529,올 아이즈 온 미,2017-06-12,6.7,1260,4.9096
10028,허니,2003-12-05,6.358,1256,5.129
585244,아이 스틸 빌리브,2020-03-12,7.568,1246,4.9295
35558,스타스트럭,2010-02-14,7.04,1246,3.7123
612706,워크 잇,2020-08-07,7.488,1229,2.7097
25196,크레이지 하트,2009-12-16,6.912,1222,5.3579
10437,머펫의 크리스마스 캐롤,1992-12-11,7.447,1202,6.6624
8873,웨인즈 월드 2,1993-12-10,6.101,1197,5.9122
707886,비트를 느껴봐,2020-06-19,7.547,1179,3.7236
900667,원피스 필름 레드,2022-08-06,7.2,1151,8.0202
615904,메리 미,2022-02-09,6.606,1125,5.7905
501979,엑설런트 어드벤쳐 3,2020-08-27,5.88,1116,8.0415
65218,레모네이드 마우스,2011-04-15,7.448,1114,3.8786
1125,드림걸즈,2006-12-25,6.714,1108,10.1381
77,메멘토,2000-10-11,8.174,16686,24.8645
62,2001 스페이스 오디세이,1968-04-02,8.045,12894,21.7025
75612,오블리비언,2013-04-10,6.692,11779,16.2978
51876,리미트리스,2011-03-17,7.202,11691,13.789
58574,셜록 홈즈: 그림자 게임,2011-11-22,7.146,11117,11.556
2501,본 아이덴티티,2002-06-14,7.485,10336,23.9633
591,다빈치 코드,2006-05-17,6.735,10276,19.2136
13183,왓치맨,2009-03-04,7.356,10221,13.2748
670,올드보이,2003-11-21,8.235,10152,19.1081
9741,언브레이커블,2000-11-22,7.146,10106,12.097
45612,소스 코드,2011-03-30,7.313,9360,15.8726
63,12 몽키즈,1995-12-29,7.612,9348,16.7819
2503,본 얼티메이텀,2007-08-03,7.443,8557,14.7992
2649,더 게임,1997-09-12,7.576,7537,11.9511
13448,천사와 악마,2009-04-20,6.725,7474,12.9322
567,이창,1954-08-01,8.335,7337,16.1497
1018,멀홀랜드 드라이브,2001-06-06,7.799,7252,14.749
345,아이즈 와이드 셧,1999-07-16,7.484,7251,20.8985
37686,슈퍼 에이트,2011-06-09,6.783,7250,10.2474
335787,언차티드,2022-02-10,6.873,7123,15.7483
262504,다이버전트 시리즈: 얼리전트,2016-03-09,6.103,7091,11.6228
2059,내셔널 트레져,2004-11-19,6.652,7032,15.1191
497582,에놀라 홈즈,2020-09-22,7.218,6799,12.127
207932,인페르노,2016-10-13,6.1,6758,11.1427
181886,에너미,2014-03-14,6.838,6586,12.6587
406990,월요일이 사라졌다,2017-08-18,7.142,6547,11.2543
3049,에이스 벤츄라,1994-02-04,6.581,6541,12.922
426,현기증,1958-05-28,8.133,6477,12.9283
401981,레드 스패로,2018-02-28,6.532,6451,10.3481
445571,게임 나이트,2018-02-15,6.848,6443,10.5504
15,시민 케인,1941-04-17,7.968,6197,11.3259
346685,걸 온 더 트레인,2016-10-05,6.436,6138,12.8364
27576,솔트,2010-07-21,6.417,6052,8.9999
17578,틴틴: 유니콘호의 비밀,2011-10-24,6.929,5949,14.7747
157353,트랜센던스,2014-04-16,6.081,5923,7.6254
395834,윈드 리버,2017-08-03,7.442,5926,14.8631
225574,논스톱,2014-02-26,6.81,5855,8.0294
2118,L.A. 컨피덴셜,1997-09-19,7.807,5702,11.0662
6637,내셔널 트레져: 비밀의 책,2007-12-19,6.381,5660,11.0208
431,큐브,1998-07-11,6.828,5359,8.4433
286565,페이퍼 타운,2015-06-18,6.156,5228,5.0178
686,콘택트,1997-07-11,7.448,5158,12.607
411088,인비저블 게스트,2017-01-06,8.075,5109,13.4787
631843,올드,2021-07-21,6.32,5017,14.0917
9358,데스티네이션 2,2003-01-31,6.314,5007,12.3893
8329,알.이.씨,2007-11-23,7.2,4997,8.5738
514999,머더 미스터리,2019-05-25,6.252,4888,9.2826
9637,스쿠비 두,2002-06-14,6.116,4875,9.4227
4233,스크림 2,1997-12-12,6.521,4873,14.2617
397243,제인 도,2016-12-21,6.844,4866,11.92
1903,바닐라 스카이,2001-12-14,6.83,4816,12.7067
399035,커뮤터,2018-01-11,6.369,4729,7.9093
63311,내가 사는 피부,2011-08-17,7.48,4725,10.9419
9286,파이널 데스티네이션,2006-02-09,6.156,4718,12.252
6947,빌리지,2004-07-30,6.497,4705,10.3295
453,뷰티풀 마인드,2001-12-14,7.852,11332,18.3846
266856,사랑에 대한 모든 것,2014-11-07,7.825,11245,10.5864
744,탑건,1986-05-16,7.07,9863,24.7489
4348,오만과 편견,2005-09-16,8.1,8922,21.623
22538,스콧 필그림,2010-08-12,7.485,8837,15.5606
466282,내가 사랑했던 모든 남자들에게,2018-08-17,7.589,8765,6.8835
537915,애프터,2019-04-11,7.105,8562,17.5351
2105,아메리칸 파이,1999-07-09,6.619,8523,20.0915
50544,프렌즈 위드 베네핏,2011-07-21,6.639,8503,9.425
337167,50가지 그림자: 해방,2018-01-17,6.669,8425,20.4937
153,사랑도 통역이 되나요?,2003-09-18,7.38,8283,14.9947
341174,50가지 그림자: 심연,2017-02-08,6.472,7999,10.261
1824,첫 키스만 50번째,2004-02-13,6.876,7892,13.2224
59436,미드나잇 인 파리,2011-05-11,7.51,7865,11.3314
621,그리스,1978-06-16,7.365,7798,15.4878
7326,주노,2007-12-05,7.063,7791,11.0465
18240,프로포즈,2009-06-02,7.178,7731,18.6197
142,브로크백 마운틴,2005-10-22,7.784,7698,15.4732
10201,예스맨,2008-12-09,6.694,7553,10.6639
508,러브 액츄얼리,2003-09-07,7.099,7532,13.0277
454983,키싱 부스,2018-05-11,7.155,7505,6.6398
6957,40살까지 못해본 남자,2005-08-11,6.429,7398,13.5937
293863,아델라인: 멈춰진 시간,2015-04-16,7.467,7179,8.4751
11631,맘마미아!,2008-07-03,6.962,7152,12.4528
254320,더 랍스터,2015-10-15,7.023,7058,10.9518
331482,작은 아씨들,2019-12-25,7.8,6981,14.2772
509,노팅 힐,1999-05-21,7.264,6862,13.8441
200727,"러브, 로지",2014-10-16,7.812,6560,9.5985
1597,미트 페어런츠,2000-10-06,6.7,6531,8.8114
83666,문라이즈 킹덤,2012-05-16,7.677,6454,8.0044
8488,Mr. 히치: 당신을 위한 데이트 코치,2005-02-11,6.582,6349,8.3867
31011,미스터 노바디,2009-11-06,7.787,6341,9.6952
449176,"러브, 사이먼",2018-02-16,7.962,6323,11.8114
10198,공주와 개구리,2009-12-08,7.234,6261,21.4501
50546,마이 프리텐드 와이프,2011-02-10,6.706,6222,11.7422
289,카사블랑카,1943-01-15,8.139,6197,12.2374
251,사랑과 영혼,1990-07-13,7.245,6179,13.0369
10530,포카혼타스,1995-06-16,6.913,6175,9.6325
527641,파이브 피트,2019-03-14,8.2,5979,9.9113
297,조 블랙의 사랑,1998-11-12,7.372,5912,16.3514
37710,투어리스트,2010-12-08,6.187,5845,9.3003
4523,마법에 걸린 사랑,2007-11-20,6.847,5806,14.5257
1581,로맨틱 홀리데이,2006-12-05,7.099,5734,11.1671
10340,레이디와 트램프,1955-06-22,7.128,5733,9.9743
792307,가여운 것들,2023-12-07,7.63,5709,20.6589
43347,러브 & 드럭스,2010-11-22,7.042,5706,12.7043
10096,완벽한 그녀에게 딱 한가지 없는 것,2004-04-13,6.777,5648,10.1929
634,브리짓 존스의 일기,2001-04-13,6.741,5608,9.0813
345920,나는 사랑과 시간과 죽음을 만났다,2016-12-15,7.214,5604,7.7109
10882,잠자는 숲속의 공주,1959-02-17,6.947,5562,13.6742
157350,다이버전트,2014-03-14,6.901,13686,16.2199
131634,헝거게임: 더 파이널,2015-11-18,6.899,13543,14.0859
1724,인크레더블 헐크,2008-06-12,6.26,13089,35.7649
14161,2012,2009-10-10,5.893,12984,31.5322
351286,쥬라기 월드: 폴른 킹덤,2018-06-06,6.526,12972,19.5992
2048,"아이, 로봇",2004-07-15,6.97,12938,15.0873
1858,트랜스포머,2007-06-27,6.8,12492,6.1289
36657,엑스맨,2000-07-13,7.02,12471,1.4369
49530,인 타임,2011-10-27,6.97,12388,17.9996
604,매트릭스 2: 리로디드,2003-05-15,7.086,12257,17.054
18,제5원소,1997-05-02,7.59,12088,21.4674
13649,하이 스쿨 뮤지컬 2,2007-08-17,6.502,3911,4.651
277217,디센던츠,2015-07-31,7.18,2576,10.0794
379170,셜록: 유령신부,2016-01-01,7.832,2368,5.1042
839,결투,1971-12-25,7.418,2133,7.062
417320,디센던츠 2,2017-07-21,7.374,1828,7.1089
26736,우리 가족 마법사: 무비,2009-08-28,7.311,1819,4.7153
19458,프린세스 구출 대작전,2009-06-08,6.645,1776,6.1162
205321,샤크스톰,2013-07-11,3.9,1729,4.5081
506574,디센던츠 3,2019-08-02,7.679,1657,7.1328
115290,블루 라군: 어웨이크닝,2012-06-16,6.5,1516,13.4208
483104,로열 크리스마스,2017-11-17,6.597,1481,1.9881
12536,나 홀로 집에 4,2002-11-03,4.488,1405,7.1996
13690,부그와 엘리엇 2,2008-09-24,5.876,1337,6.2851
359983,라이온 수호대: 돌아온 전설,2016-01-25,6.717,1224,2.8131
755812,"미라큘러스 월드: 뉴욕, 하나된 영웅들!",2020-09-25,8.1,1133,5.6149
178682,위자드 리턴: 알렉스 vs 알렉스,2013-06-01,7.847,1092,3.6555
336004,버스 657,2015-11-13,6.132,1019,4.8359
21057,바다가 들린다,1993-10-09,6.41,1002,4.7588
877703,틴 울프: 더 무비,2023-01-18,7.444,989,7.9419
177888,틴 비치 무비,2013-08-07,6.913,971,4.5533
525041,로열 크리스마스: 세기의 결혼,2018-11-30,6.373,963,1.9135
643882,크리스마스 스위치: 한 번 더 바꿔?,2020-11-19,6.8,932,3.3155
801335,걸 인 더 베이스먼트,2021-02-27,7.572,888,17.0289
537061,스티븐 유니버스: 더 무비,2019-10-07,8.193,877,8.5517
677638,위 베어 베어스: 더 무비,2020-06-30,7.828,867,7.1526
89185,라디오 레벨,2012-06-09,6.175,850,4.2437
13187,찰리 브라운의 크리스마스,1965-12-09,7.689,808,4.36
81250,긱 차밍,2011-11-11,6.693,802,4.4702
483980,좀비스,2018-02-16,7.246,784,6.0658
244063,소년들,2014-01-08,7.7,752,3.3995
248504,샤크스톰 2: 샤크네이도,2014-07-31,4.556,721,3.7654
79218,아이스 에이지: 매머드 크리스마스,2011-11-24,6.449,718,7.7657
550776,나를 믿어줘: 리사 맥비 납치 사건,2018-09-30,8.011,703,4.1916
51170,부그와 엘리엇 3,2010-10-21,5.672,697,6.8194
363992,더 위저드 오브 라이즈,2017-05-11,6.587,670,4.8483
21634,바비를 위한 기도,2009-01-24,8.062,652,3.2752
278774,조이의 비밀 앱,2014-06-27,6.09,650,4.89
39101,드래곤볼 Z 극장판 3: 지구 통째로 초결전,1990-06-07,6.5,636,4.7801
14008,사관생도 켈리,2002-03-07,6.225,630,3.7662
21316,리로이 & 스티치,2006-06-23,6.521,624,5.0517
71689,피니와 퍼브 무비: 2차원을 넘어서,2011-08-05,7.109,620,7.0301
12914,스타게이트: 컨티넘,2008-07-29,7.131,619,4.4872
3293,실리콘 밸리의 신화,1999-06-20,7.021,617,4.1979
325189,틴 비치 무비 2,2015-06-26,6.768,614,2.7104
13001,스타게이트: 진실의 상자,2008-03-11,7.066,603,5.0084
738646,크리스마스에 날아갑니다,2020-11-05,6.372,593,3.1225
50479,아발론 하이,2011-01-28,6.16,575,2.779
7342,캐리,2002-11-04,6.151,575,5.1244
587693,로열 크리스마스: 오 마이 베이비,2019-12-05,6.261,570,2.0095
21481,코벤트리의 전설,2005-10-14,6.738,556,4.4312
245473,클라우드 9,2014-01-17,6.9,549,2.5771
331446,샤크네이도 스톰,2015-07-22,4.594,540,4.0653
60803,더 수트 라이프 무비,2011-03-25,6.071,538,2.5951
30178,스튜어트 리틀 3,2005-07-14,5.237,529,3.6661
56831,선셋 리미티드,2011-02-12,7.228,526,4.12
74849,스타 워즈 홀리데이 스페셜,1978-11-17,3.4,522,3.9152
599521,좀비스 2,2020-06-13,7.448,518,3.6437
387893,아이스 에이지: 알 찾기 대소동,2016-03-19,6.4,517,5.3752
188538,리멤버 선데이,2013-04-21,7.083,508,1.7079
134375,나 홀로 집에: 크리스마스 소동,2012-12-03,5.1,501,5.1393
12900,컨스피러시,2001-05-19,7.292,500,4.4022
32293,치타 걸스,2003-08-15,6.058,498,3.0506
36968,이브는 대단해,2000-03-05,6.545,489,3.6061
874300,사우스파크 포스트 코로나: 코로나의 귀환,2021-12-16,7.388,484,2.9125
70821,Cyberbully,2011-11-10,5.994,476,1.5041
69315,배틀스타 갤럭티카: 레이저,2007-11-12,7.176,476,4.5172
16237,Teen Titans: Trouble in Tokyo,2006-09-15,7.865,475,5.6212
920081,뮤턴트 파이톤,2021-11-26,6.3,472,2.2077
538225,데드우드: 더 무비,2019-05-31,6.746,467,3.5173
364067,어 베리 머리 크리스마스,2015-12-04,5.223,466,2.4101
12219,12인의 노한 사람들,1997-08-17,7.695,466,6.4363
13353,찰리 브라운의 할로윈,1966-10-27,7.505,463,3.9992
7012,그날 이후,1983-12-10,6.792,460,4.7644
278427,Family Guy Presents: It's a Trap!,2010-12-08,6.787,454,3.4325
61717,웬디 우: 홈커밍 워리어,2006-06-16,6.176,451,3.6839
84105,프레너미스,2012-01-13,5.751,450,4.0375
809107,좀비스 3,2022-07-09,7.294,448,4.4045
36950,유 돈 노우 잭,2010-06-27,7.018,449,4.2813
360606,어드벤처 인 베이비시팅,2016-06-24,7.227,447,3.7744
336845,클리블랜드 애브덕션,2015-05-02,7.232,438,3.3017
287689,세븐 데이즈 인 헬,2015-07-08,6.487,435,2.3128
13189,크리스마스 캐롤,1984-10-09,7.461,434,3.1238
1884,용기의 카라반: 이웍의 대모험,1984-12-21,5.843,432,2.9644
81440,"굿 럭 찰리, 잇츠 크리스마스!",2011-12-02,6.683,432,2.7964
63700,My Babysitter's a Vampire,2010-10-09,7.069,428,3.5465
488113,Christmas Wedding Planner,2017-12-14,5.448,426,1.8475
39285,Beauty & the Briefcase,2010-07-20,5.917,421,1.6453
39345,꼬마 유령 캐스퍼 3: 캐스퍼와 웬디,1998-09-10,5.918,420,2.518
37609,The Cheetah Girls 2,2006-07-31,6.295,419,2.5018
236399,플라워즈 인 디 애틱,2014-01-18,6.715,417,5.0344
286987,How to Build a Better Boy,2014-11-18,6.32,413,3.5623
79113,어 프린세스 포 크리스마스,2011-12-03,7.031,413,2.8794
874299,South Park: Post COVID,2021-11-25,7.21,411,2.7707
438747,라푼젤: 끝나지 않은 이야기,2017-03-10,6.8,408,5.875
390555,Bonanza: The Return,1993-11-24,6.525,404,0.8748
562,다이 하드,1988-07-15,7.817,12585,35.8202
8681,테이큰,2008-02-18,7.41,12340,17.2042
36557,007 카지노 로얄,2006-11-14,7.6,11955,20.4163
577922,테넷,2020-08-22,7.171,11460,18.6821
206647,007 스펙터,2015-10-26,6.57,11445,13.9424
294254,메이즈 러너: 스코치 트라이얼,2015-09-09,6.732,11214,15.5046
59967,루퍼,2012-09-26,6.915,11154,16.6725
679,에이리언 2,1986-07-18,7.966,11135,20.3246
605,매트릭스 3: 레볼루션,2003-11-05,6.757,11075,15.5123
56292,미션 임파서블: 고스트 프로토콜,2011-12-07,7.115,10966,15.8016
262500,인서전트,2015-03-18,6.36,10577,13.6993
954,미션 임파서블,1996-05-22,7.027,10211,21.1334
180,마이너리티 리포트,2002-06-20,7.355,9888,15.1495
264644,룸,2015-10-16,7.987,9818,9.4092
68724,엘리시움,2013-08-07,6.527,9780,12.4525
74,우주전쟁,2005-06-28,6.568,9465,17.6073
106,프레데터,1987-06-12,7.578,9457,21.3475
450465,글래스,2019-01-16,6.664,9230,13.4375
254128,샌 안드레아스,2015-05-27,6.251,9180,14.3035
68734,아르고,2012-10-11,7.287,9154,11.8026
87101,터미네이터 제니시스,2015-06-23,5.958,9144,21.1648
435,투모로우,2004-05-26,6.6,9091,12.9614
423,피아니스트,2002-09-17,8.371,10397,23.5045
281338,혹성탈출: 종의 전쟁,2017-07-11,7.226,9926,18.2806
28,지옥의 묵시록,1979-05-19,8.262,9334,24.8949
616,라스트 사무라이,2003-12-05,7.612,7735,21.0652
7446,트로픽 썬더,2008-08-09,6.725,7162,13.6838
53182,300: 제국의 부활,2014-03-05,6.122,7095,13.3759
12162,허트 로커,2008-10-10,7.25,6337,11.9178
935,닥터 스트레인지러브,1964-01-29,8.121,6300,10.9628
792,플래툰,1986-12-19,7.75,5254,13.6261
49046,서부 전선 이상 없다,2022-10-07,7.743,4882,15.1986
369885,얼라이드,2016-11-23,6.806,4875,9.699
193756,론 서바이버,2013-12-24,7.429,4853,15.7305
929590,시빌 워: 분열의 시대,2024-04-10,6.8,4519,19.9262
770,바람과 함께 사라지다,1939-12-15,7.904,4465,16.6577
1369,람보 2,1985-05-21,6.669,4444,15.6179
227306,언브로큰,2014-12-25,7.418,4437,6.9277
7555,람보 4: 라스트 블러드,2008-01-24,6.703,4384,12.0058
11778,디어헌터,1978-12-08,7.966,4363,11.1079
22971,디어 존,2010-02-04,6.834,4334,6.2412
2253,작전명 발키리,2008-12-25,6.961,4192,10.144
7445,브라더스,2009-12-02,7.315,4018,10.482
914,위대한 독재자,1940-10-15,8.284,3790,10.4086
8619,마스터 앤드 커맨더: 위대한 정복자,2003-11-14,7.203,3642,12.4532
1370,람보 3,1988-05-24,6.208,3571,10.5441
46738,그을린 사랑,2010-09-17,8.101,3440,12.4643
516486,'그레이하운드' - Greyhound,2020-07-09,7.416,3437,13.2091
635744,자헤드: 귀환의 법칙,2019-10-01,6.527,3364,3.0485
975,영광의 길,1957-10-25,8.25,3359,6.7589
882569,더 커버넌트,2023-04-19,7.717,3325,20.6416
25,자헤드: 그들만의 전쟁,2005-11-04,6.686,3253,9.8626
438799,오버로드,2018-11-01,6.729,3221,9.502
801,굿모닝 베트남,1987-12-23,7.303,3081,7.0515
840326,시수,2022-09-09,7.392,2944,9.7255
4476,가을의 전설,1994-12-23,7.393,2933,12.1085
5925,대탈주,1963-07-03,7.927,2926,10.9369
567189,톰 클랜시의 복수,2021-04-30,6.936,2785,8.6667
9567,태양의 눈물,2003-03-07,6.897,2694,9.4587
9595,못말리는 비행사,1991-07-31,6.588,2529,9.6078
10313,초 [민망한] 능력자들,2009-10-17,5.971,2462,6.961
409,잉글리쉬 페이션트,1996-11-14,7.135,2449,8.6447
22972,그린존,2010-03-11,6.485,2447,7.3835
826,콰이강의 다리,1957-10-11,7.823,2437,11.3174
724495,더 우먼 킹,2022-09-16,7.563,2420,11.9801
1251,이오지마에서 온 편지,2006-12-09,7.505,2375,12.2182
6415,쓰리 킹즈,1999-09-27,6.642,2363,7.0359
10590,위 워 솔저스,2002-03-01,7.136,2346,9.415
10110,태양의 제국,1987-12-09,7.509,2190,6.7955
9255,못말리는 람보,1993-05-21,6.55,2130,8.3941
3683,아버지의 깃발,2006-10-19,6.853,2068,5.0606
8963,크림슨 타이드,1995-05-12,7.183,2053,10.3205
799583,언젠틀 오퍼레이션,2024-04-18,6.998,2030,17.7325
2289,콜드 마운틴,2003-12-24,6.9,2013,5.7441
13813,디파이언스,2008-12-31,6.84,1948,7.7747
25237,컴 앤 씨,1985-10-17,8.192,1939,9.7163
2604,7월 4일생,1989-12-20,7.006,1934,10.0871
283587,비스트 오브 노 네이션,2015-09-11,7.582,1917,5.0386
4421,지. 아이. 제인,1997-08-19,6.494,1908,7.4714
9665,영광의 깃발,1989-12-15,7.489,1858,7.4121
333352,아이 인 더 스카이,2015-09-07,7.002,1785,6.8185
454227,아웃로 킹,2018-09-06,6.83,1730,5.8091
8007,에너미 라인스,2001-11-30,6.446,1701,7.2503
316152,프리스테이트,2016-06-24,6.783,1699,5.7575
429,석양의 무법자,1966-12-23,8.466,9904,26.3965
333484,매그니피센트 7,2016-09-14,6.498,6534,20.4339
57201,론 레인저,2013-07-03,6.131,6260,8.87
44264,더 브레이브,2010-12-22,7.306,5896,11.7541
49849,카우보이 & 에이리언,2011-07-29,5.703,5590,12.153
33,용서받지 못한 자,1992-08-07,7.913,5076,11.9742
335,옛날 옛적 서부에서,1968-12-21,8.268,5029,17.3906
9023,스피릿,2002-05-24,7.707,5010,13.1719
338766,로스트 인 더스트,2016-08-11,7.306,4978,11.0371
391,황야의 무법자,1964-09-12,7.8,4844,11.634
581,늑대와 춤을,1990-11-09,7.843,4803,17.297
938,석양의 건맨,1965-12-18,8.029,4585,10.7196
537996,카우보이의 노래,2018-11-09,7.134,4544,11.927
188161,밀리언 웨이즈,2014-05-22,6.05,4507,7.486
5176,3:10 투 유마,2007-09-06,7.232,4162,10.2198
8487,와일드 와일드 웨스트,1999-06-30,5.318,3674,7.5047
82633,로우리스: 나쁜 영웅들,2012-08-29,7.069,3403,7.7807
1656,레전드 오브 조로,2005-10-24,6.121,3159,10.6087
600583,파워 오브 도그,2021-10-25,6.734,3032,9.1235
4512,비겁한 로버트 포드의 제시 제임스 암살,2007-09-20,7.065,2858,8.7628
8584,상하이 눈,2000-05-26,6.421,2849,8.645
294963,본 토마호크,2015-10-23,6.889,2621,7.8221
642,내일을 향해 쏴라,1969-09-23,7.6,2537,8.3219
11969,툼스톤,1993-12-25,7.581,2529,11.1512
6038,상하이 나이츠,2003-02-06,6.138,2504,6.1822
1428,원스 어폰 어 타임 인 멕시코,2003-09-11,6.305,2463,9.5351
11072,브레이징 새들스,1974-02-07,7.238,2144,7.6469
440161,시스터스 브라더스,2018-09-19,6.833,2134,6.1781
966,황야의 7인,1960-10-12,7.501,2045,14.5105
12106,퀵 앤 데드,1995-02-09,6.539,2018,8.9974
581032,뉴스 오브 더 월드,2020-12-25,6.9,1980,4.9474
9359,매버릭,1994-05-20,6.902,1829,6.7572
922,데드 맨,1995-12-23,7.308,1778,6.1805
288,하이 눈,1952-06-09,7.656,1624,21.2423
3114,수색자,1956-05-16,7.679,1619,8.3311
20533,조나 헥스,2010-06-18,4.974,1583,6.2719
347969,리디큘러스 6,2015-12-11,5.236,1563,5.3391
2362,이색지대,1973-08-15,6.78,1503,5.8999
9394,내 이름은 튜니티,1970-12-22,7.549,1495,7.0212
2023,히달고,2004-02-04,6.916,1392,5.4254
3090,시에라 마드레의 황금,1948-01-15,7.955,1383,7.4832
11901,평원의 무법자,1973-04-19,7.328,1380,7.168
576,와일드 번치,1969-06-19,7.592,1373,5.1994
11259,파 앤드 어웨이,1992-05-22,6.771,1341,6.3053
10747,무법자 조시 웰즈,1976-06-30,7.454,1334,6.6901
9367,엘 마리아치,1993-02-22,6.741,1329,5.1843
11697,리버티 밸런스를 쏜 사나이,1962-04-13,7.829,1329,5.471
324560,브림스톤,2016-03-12,7.149,1300,5.4058
301,리오 브라보,1959-03-08,7.8,1289,7.8769
995,역마차,1939-03-02,7.595,1264,4.1286
2055,오픈 레인지,2003-08-11,7.225,1258,5.9705
618162,더 하더 데이 폴,2021-10-22,6.614,1240,8.9037
8879,페일 라이더,1985-06-28,7.166,1240,8.7224
336,석양의 갱들,1971-10-29,7.666,1216,5.4108
8388,쓰리 아미고,1986-12-12,6.332,1200,6.0906
1969,밴디다스,2006-01-18,6.05,1195,3.8978
446159,바쿠라우,2019-08-29,7.632,1170,2.8705
749274,크라이 마초,2021-09-16,5.929,1142,4.4727
12690,아팔루사,2008-09-19,6.573,1125,5.1271
9474,무숙자,1973-12-13,7.271,1085,4.7279
223485,슬로우 웨스트,2015-05-15,6.683,1078,4.3516
11967,영 건,1988-08-12,6.689,1072,7.9822
11829,튜니티라 불러다오,1971-10-21,7.433,1030,5.522
9333,라스트 맨 스탠딩,1996-09-20,6.367,1029,5.7607
10772,장고,1966-04-06,7.22,1025,4.9578
266285,웨스턴 리벤지,2014-05-22,6.486,982,6.9658
12160,와이어트 어프,1994-06-24,6.796,965,5.6679
648878,에딩턴,2025-07-16,6.482,925,11.6047
264656,더 홈즈맨,2014-05-18,6.522,905,4.8933
1406,굿바이 뉴욕 굿모닝 내사랑,1991-06-07,6.457,901,6.6504
174751,제인 갓 어 건,2015-12-31,5.8,897,4.5493
17529,진정한 용기,1969-06-11,7.332,881,6.3097
4929,집행자,1968-04-12,6.865,880,6.184
324544,인 더 로스트 랜드,2025-02-27,6.4,875,9.9894
596161,렛 힘 고,2020-11-05,6.825,853,5.9547
11509,실버라도,1985-07-10,6.949,846,6.3583
15067,"좋은 놈, 나쁜 놈, 이상한 놈",2008-07-16,7.156,843,3.9731
52629,El Infierno,2010-09-03,7.951,810,6.5337
10380,피블의 모험 2,1991-11-21,6.324,808,4.2088
1712,자이언트,1956-11-08,7.593,776,7.0101
698508,리디밍 러브,2022-01-21,7.871,774,9.9485
785663,올드 헨리,2021-10-01,7.267,749,6.2298
11040,작은 거인,1970-12-23,7.438,739,3.85
16608,프로퍼지션,2005-10-06,7.0,736,4.2402
10540,아웃랜드,1981-05-22,6.425,726,4.874
5698,대열차강도,1903-12-07,6.982,722,2.8055
11943,제레미아 존슨,1972-09-10,7.308,719,3.7158
10212,블러드 솔저,1999-03-16,6.843,715,5.1028
12146,실종,2003-11-26,6.303,709,5.1333
3110,셰인,1953-04-23,7.327,707,4.5911
11916,호건과 사라,1970-03-02,6.956,700,6.0251
932086,호라이즌: 아메리칸 사가 챕터 1,2024-06-26,6.8,695,5.8097
400090,나이팅게일,2018-09-23,7.049,689,4.3106
