ORDER_DATE,최고기온,최저기온,강수량
2025-08-27,30.4,22.2,0.0
2025-08-28,30.1,23.9,1.4
2025-08-29,30.6,23.8,31.5
2025-08-30,31.0,23.6,7.7
2025-08-31,29.8,24.1,7.1
2025-09-01,28.0,23.1,23.4
2025-09-02,28.5,19.8,0.0
2025-09-03,30.3,21.2,0.2
2025-09-04,28.6,22.6,26.0
2025-09-05,31.1,22.0,0.4
2025-09-06,29.9,23.8,36.2
2025-09-07,27.3,21.9,0.7
2025-09-08,26.6,20.5,0.2
2025-09-09,26.1,20.9,0.5
2025-09-10,29.3,18.3,0.0
2025-09-11,29.6,19.0,0.0
2025-09-12,26.1,20.1,6.2
2025-09-13,26.3,20.1,58.2
2025-09-14,27.6,20.2,0.1
2025-09-15,28.6,19.7,0.0
2025-09-16,27.1,20.9,13.3
2025-09-17,24.2,20.3,27.8
2025-09-18,24.9,18.2,0.0
2025-09-19,20.4,17.6,12.9
2025-09-20,22.6,16.8,29.7
2025-09-21,25.6,15.6,0.0
2025-09-22,23.8,16.4,0.0
2025-09-23,24.9,17.3,0.0
2025-09-24,24.2,18.5,38.3
2025-09-25,25.4,18.6,0.1
2025-09-26,25.0,16.9,0.0
2025-09-27,26.7,16.7,0.0
2025-09-28,22.7,18.2,23.5
2025-09-29,23.2,16.1,0.0
2025-09-30,22.2,16.2,0.4
2025-10-01,23.5,14.9,0.4
2025-10-02,25.0,16.5,0.0
2025-10-03,23.7,18.1,1.3
2025-10-04,23.3,19.3,0.0
2025-10-05,22.1,19.1,5.6
2025-10-06,20.0,15.5,30.5
2025-10-07,20.7,15.8,16.9
2025-10-08,26.4,16.1,0.0
2025-10-09,21.4,17.6,0.1
2025-10-10,18.5,15.8,20.8
2025-10-11,24.5,16.8,17.7
2025-10-12,21.7,15.9,1.4
2025-10-13,17.9,13.3,25.2
2025-10-14,19.8,13.9,2.4
2025-10-15,24.0,15.6,9.0
2025-10-16,23.6,16.8,6.9
2025-10-17,23.1,14.8,5.0
2025-10-18,17.5,12.7,12.8
2025-10-19,18.0,8.4,0.1
2025-10-20,14.7,5.2,0.1
2025-10-21,13.8,4.3,0.0
2025-10-22,17.7,5.0,0.2
2025-10-23,18.6,10.7,0.5
2025-10-24,19.3,11.1,0.2
2025-10-25,16.7,10.5,0.5
2025-10-26,14.5,10.4,0.0
2025-10-27,9.7,2.4,0.0
2025-10-28,11.5,1.4,0.0
2025-10-29,15.3,4.6,0.0
2025-10-30,16.3,5.7,0.0
2025-10-31,18.1,9.0,1.2
2025-11-01,15.4,9.1,0.9
2025-11-02,10.3,2.8,0.1
2025-11-03,11.3,-0.4,0.0
2025-11-04,13.6,3.2,0.0
2025-11-05,16.3,4.2,0.0
2025-11-06,16.7,4.8,0.0
2025-11-07,18.0,6.8,0.0
2025-11-08,15.2,10.2,0.1
2025-11-09,15.9,8.6,0.0
2025-11-10,10.2,4.7,0.0
2025-11-11,13.0,2.6,0.0
2025-11-12,14.8,3.5,0.0
2025-11-13,15.9,4.7,0.0
2025-11-14,12.8,2.9,0.0
2025-11-15,14.0,1.8,0.0
2025-11-16,15.7,3.3,0.8
2025-11-17,8.8,-0.8,0.0
2025-11-18,4.4,-2.9,0.0
2025-11-19,5.8,-2.3,0.0
2025-11-20,12.9,0.6,0.0
2025-11-21,10.6,0.3,0.0
2025-11-22,13.1,2.4,0.0
2025-11-23,13.3,4.8,0.4
2025-11-24,15.7,8.2,0.2
2025-11-25,8.7,4.0,3.5
2025-11-26,8.5,1.8,0.0
2025-11-27,9.0,2.2,9.1
2025-11-28,4.9,-2.0,0.0
2025-11-29,9.4,-1.3,0.4
2025-11-30,14.8,6.5,0.8
2025-12-01,10.3,1.0,0.0
2025-12-02,1.5,-6.2,0.0
2025-12-03,-4.0,-8.6,0.0
2025-12-04,0.0,-10.0,1.7
2025-12-05,-0.7,-10.7,0.0
2025-12-06,4.3,-3.6,3.2
2025-12-07,10.7,-1.1,1.2
2025-12-08,4.8,-1.9,0.0
2025-12-09,5.6,-3.6,0.0
2025-12-10,7.7,-1.5,0.1
2025-12-11,6.7,-3.7,11.2
2025-12-12,5.0,-4.2,0.0
2025-12-13,2.2,-1.7,9.8
2025-12-14,2.1,-3.3,0.0
2025-12-15,4.3,-4.2,0.0
2025-12-16,2.9,-0.2,1.9
2025-12-17,5.5,-1.7,0.0
2025-12-18,4.8,-3.3,0.0
2025-12-19,6.8,-2.4,0.0
2025-12-20,9.2,0.3,4.0
2025-12-21,0.2,-4.5,0.0
2025-12-22,2.3,-6.1,0.0
2025-12-23,2.2,-1.8,10.9
2025-12-24,3.1,-2.5,0.0
2025-12-25,-1.2,-9.5,0.0
2025-12-26,-5.8,-12.2,0.0
2025-12-27,2.2,-8.8,0.0
2025-12-28,5.9,-3.6,1.2
2025-12-29,8.0,-1.9,0.7
2025-12-30,1.7,-4.5,0.0
2025-12-31,-2.2,-8.8,0.0
2026-01-01,-4.4,-11.2,0.0
2026-01-02,-5.8,-12.2,0.0
2026-01-03,-0.9,-10.7,0.0
2026-01-04,2.4,-4.6,0.0
2026-01-05,0.1,-5.0,0.0
2026-01-06,2.4,-7.6,0.0
2026-01-07,0.9,-5.6,0.0
2026-01-08,-3.2,-8.5,0.0
2026-01-09,3.1,-7.7,0.1
2026-01-10,4.1,-5.0,7.1
2026-01-11,-5.0,-9.5,0.0
2026-01-12,0.3,-10.7,3.1
2026-01-13,1.0,-8.5,0.2
2026-01-14,-0.4,-10.6,0.2
2026-01-15,7.2,-1.4,0.0
2026-01-16,6.2,-1.7,0.0
2026-01-17,1.8,-5.7,0.0
2026-01-18,3.3,-4.4,0.8
2026-01-19,-1.0,-10.5,2.4
2026-01-20,-5.9,-13.8,0.0
2026-01-21,-7.3,-14.3,0.0
2026-01-22,-6.2,-14.8,0.0
2026-01-23,-2.3,-13.2,0.8
2026-01-24,-3.6,-12.7,0.0
2026-01-25,-3.8,-12.2,0.0
2026-01-26,-2.5,-11.4,0.0
2026-01-27,-1.8,-9.0,0.0
2026-01-28,-2.5,-10.7,0.0
2026-01-29,-1.9,-10.6,0.0
2026-01-30,-3.7,-11.4,0.0
2026-01-31,-0.6,-12.1,0.0
2026-02-01,0.6,-8.8,0.1
2026-02-02,-0.5,-6.7,1.3
2026-02-03,3.0,-8.9,0.0
2026-02-04,5.7,-2.3,0.0
2026-02-05,7.5,-3.1,0.0
2026-02-06,-3.9,-9.8,0.0
2026-02-07,-5.1,-11.0,0.0
2026-02-08,-4.8,-13.3,0.0
2026-02-09,1.3,-11.0,0.0
2026-02-10,4.7,-3.3,0.6
2026-02-11,5.3,-1.8,0.0
2026-02-12,6.6,-4.0,0.0
2026-02-13,8.4,-0.4,0.0
2026-02-14,10.5,-0.5,0.0
2026-02-15,9.3,-1.2,0.0
2026-02-16,6.0,-3.7,0.0
2026-02-17,4.7,-4.9,0.0
2026-02-18,5.0,-2.2,0.0
2026-02-19,5.0,-4.2,0.0
2026-02-20,10.6,-2.5,0.0
2026-02-21,15.1,1.2,0.0
2026-02-22,10.8,0.1,0.1
2026-02-23,4.4,-2.7,0.0
2026-02-24,3.8,-1.4,1.3
2026-02-25,12.4,-1.7,0.0
2026-02-26,10.9,-1.4,0.0
2026-02-27,12.0,3.6,0.0
2026-02-28,13.7,-0.5,0.0
2026-03-01,11.5,3.1,0.5
2026-03-02,5.3,1.6,12.0
2026-03-03,9.7,1.0,1.4
2026-03-04,9.9,-0.6,0.0
2026-03-05,11.2,-1.2,11.8
2026-03-06,4.0,-2.1,0.9
2026-03-07,3.9,-4.1,0.0
2026-03-08,4.9,-4.3,0.0
2026-03-09,6.8,-1.0,0.1
2026-03-10,6.8,-2.8,0.0
2026-03-11,7.9,-1.4,0.0
2026-03-12,11.5,-1.2,0.0
2026-03-13,10.6,0.4,0.0
2026-03-14,11.3,2.3,0.0
2026-03-15,9.7,2.4,0.4
2026-03-16,11.4,-0.3,0.0
2026-03-17,12.5,-1.5,0.0
2026-03-18,8.8,3.4,5.6
2026-03-19,10.5,-1.1,0.0
2026-03-20,11.5,-0.1,0.0
2026-03-21,12.5,-0.5,0.0
2026-03-22,15.6,2.1,0.0
2026-03-23,17.1,2.2,0.0
2026-03-24,16.0,5.3,0.0
2026-03-25,17.9,6.0,0.0
2026-03-26,17.6,4.8,0.0
2026-03-27,16.8,4.8,0.0
2026-03-28,18.4,4.7,0.0
2026-03-29,18.6,5.1,0.0
2026-03-30,18.3,9.0,1.3
2026-03-31,17.5,9.4,7.5
2026-04-01,16.4,8.5,0.1
2026-04-02,16.0,4.7,0.0
2026-04-03,20.4,6.6,0.0
2026-04-04,19.4,9.8,2.0
2026-04-05,15.9,6.8,4.1
2026-04-06,13.1,5.5,3.6
2026-04-07,12.4,1.5,0.0
2026-04-08,14.7,2.1,0.0
2026-04-09,10.8,6.7,29.5
2026-04-10,11.5,7.5,6.8
2026-04-11,15.5,7.2,0.0
2026-04-12,20.6,4.6,0.0
2026-04-13,24.3,7.2,0.0
2026-04-14,24.8,10.7,0.0
2026-04-15,24.6,11.0,0.0
2026-04-16,25.4,9.9,0.0
2026-04-17,20.5,13.0,0.0
2026-04-18,26.4,9.4,0.0
2026-04-19,29.0,13.4,0.0
2026-04-20,16.4,8.4,2.4
2026-04-21,17.4,5.5,0.0
2026-04-22,18.9,9.0,0.0
2026-04-23,22.5,9.8,0.0
2026-04-24,25.6,8.2,0.0
2026-04-25,25.1,10.4,0.0
2026-04-26,23.7,9.2,0.0
2026-04-27,21.7,11.3,4.0
2026-04-28,15.5,10.5,0.5
2026-04-29,19.5,7.5,0.0
2026-04-30,22.0,9.6,0.0
2026-05-01,24.8,12.3,0.0
2026-05-02,22.3,12.1,1.1
2026-05-03,14.6,10.8,11.5
2026-05-04,19.3,8.1,0.7
2026-05-05,19.4,7.5,0.0
2026-05-06,22.8,9.0,0.0
2026-05-07,20.2,12.1,4.2
2026-05-08,19.6,10.1,0.0
2026-05-09,22.2,9.2,0.0
2026-05-10,24.1,10.5,0.0
2026-05-11,21.9,12.0,8.1
2026-05-12,24.7,14.7,1.2
2026-05-13,23.9,12.2,0.0
2026-05-14,31.3,13.7,0.0
2026-05-15,32.0,18.5,0.0
2026-05-16,30.0,18.3,0.0
2026-05-17,29.6,16.9,0.0
2026-05-18,29.9,16.5,0.0
2026-05-19,24.6,19.9,0.3
2026-05-20,21.9,15.3,49.0
2026-05-21,20.0,15.2,18.6
2026-05-22,25.1,14.9,0.0
2026-05-23,22.2,13.9,0.3
2026-05-24,26.7,14.3,0.0
2026-05-25,28.8,17.1,0.0
2026-05-26,27.6,20.5,3.4
2026-05-27,24.3,19.1,11.7
2026-05-28,25.6,17.0,2.0
2026-05-29,26.0,16.4,0.0
2026-05-30,26.9,15.2,0.0
2026-05-31,29.5,16.2,0.0
2026-06-01,28.1,17.4,0.0
2026-06-02,32.4,17.9,0.0
2026-06-03,32.0,20.5,0.2
2026-06-04,28.8,19.5,18.1
2026-06-05,25.0,15.9,0.9
2026-06-06,28.2,15.1,0.0
2026-06-07,24.8,19.3,2.1
2026-06-08,26.8,16.4,0.8
2026-06-09,28.7,16.4,0.0
2026-06-10,26.3,15.1,3.7
2026-06-11,25.8,16.4,0.7
2026-06-12,27.3,16.9,0.1
2026-06-13,32.1,16.9,0.0
2026-06-14,30.4,20.4,1.6
2026-06-15,33.3,18.5,0.4
2026-06-16,33.8,22.2,0.5
2026-06-17,32.9,22.7,1.5
2026-06-18,32.6,21.8,1.5
2026-06-19,34.2,22.3,9.0
2026-06-20,23.4,20.5,56.3
2026-06-21,26.6,19.4,0.2
2026-06-22,26.2,20.9,2.4
2026-06-23,28.9,19.6,0.6
2026-06-24,27.3,17.4,0.0
2026-06-25,24.0,18.8,0.7
2026-06-26,28.3,17.0,0.3
2026-06-27,32.6,20.0,0.0
2026-06-28,31.7,22.3,1.5
2026-06-29,32.3,21.1,2.4
2026-06-30,32.7,22.5,1.0
2026-07-01,32.3,21.9,2.8
2026-07-02,27.9,21.4,9.9
2026-07-03,29.3,21.7,3.6
2026-07-04,31.3,22.3,0.5
2026-07-05,30.5,22.6,23.1
2026-07-06,29.0,22.7,19.5
2026-07-07,29.6,22.9,8.4
2026-07-08,27.5,23.2,22.8
2026-07-09,25.9,22.9,15.4
2026-07-10,27.8,22.1,35.6
2026-07-11,32.1,23.6,0.1
2026-07-12,34.0,24.8,0.4
2026-07-13,32.4,25.9,3.1
2026-07-14,32.4,25.3,45.6
2026-07-15,26.9,23.1,8.5
2026-07-16,29.8,21.7,0.2
2026-07-17,30.5,23.3,7.9
2026-07-18,27.7,19.7,58.2
2026-07-19,28.6,22.7,1.0
2026-07-20,26.3,23.1,24.2
2026-07-21,26.2,24.2,25.1
2026-07-22,29.1,23.3,11.5
2026-07-23,27.8,23.8,50.8
2026-07-24,31.4,24.3,2.1
2026-07-25,30.3,24.9,3.6
2026-07-26,29.9,24.7,9.6
2026-07-27,29.9,23.4,6.8
2026-07-28,31.1,25.1,3.4
2026-07-29,31.6,25.1,0.3
2026-07-30,31.1,24.6,0.4
2026-07-31,32.1,24.6,1.4
2026-08-01,32.8,26.1,2.2
2026-08-02,34.1,26.3,0.0
2026-08-03,37.2,25.3,0.1
2026-08-04,36.6,28.7,2.7
2026-08-05,37.5,26.8,5.7
2026-08-06,38.6,28.8,0.0
2026-08-07,38.4,29.4,0.6
2026-08-08,34.2,25.2,12.7
2026-08-09,32.7,23.8,0.2
2026-08-10,34.2,21.9,2.4
2026-08-11,33.6,23.3,0.0
2026-08-12,32.0,21.2,0.0
2026-08-13,32.3,22.4,0.9
2026-08-14,31.6,24.2,3.9
2026-08-15,27.3,23.6,14.2
2026-08-16,26.8,23.1,7.6
2026-08-17,28.9,23.1,11.7
2026-08-18,30.9,23.2,0.9
2026-08-19,30.0,23.7,0.7
2026-08-20,30.3,24.2,6.7
2026-08-21,27.2,22.3,29.0
2026-08-22,27.4,22.8,45.5
2026-08-23,32.1,22.5,9.2
2026-08-24,31.4,24.6,0.5
2026-08-25,31.2,24.2,9.7
2026-08-26,29.7,24.6,0.3
2026-08-27,30.5,24.5,3.8
2026-08-28,29.3,24.4,8.7
2026-08-29,29.7,24.2,2.1
2026-08-30,27.3,22.2,2.2
2026-08-31,25.0,22.8,52.7
2026-09-01,24.4,22.4,29.2
2026-09-02,28.0,21.9,0.3
